intervention_token_type,intervention_layer,belief_shift_mean,belief_shift_std,count,before_probability_mean,after_probability_mean,before_after_probability_mass_mean,belief_shift_sem,belief_shift_ci95
audio,0,0.98961793222796,1.0678888534670665,993,0.5762812834371853,0.39371816629369455,0.9699994497308798,0.03388842844447437,0.06642131975116977
audio,1,0.9872098552653467,0.24579669564231188,993,0.5762812834371853,0.39371816629369455,0.9699994497308798,0.0078001223677156934,0.015288239840722759
audio,2,1.0614239497853775,1.752289217392889,993,0.5762812834371853,0.39371816629369455,0.9699994497308798,0.05560721751598867,0.10899014633133779
audio,3,1.0430038480088204,1.2800775679111047,993,0.5762812834371853,0.39371816629369455,0.9699994497308798,0.04062203376567979,0.0796191861807324
audio,4,1.0007924518242677,0.29314507497939785,993,0.5762812834371853,0.39371816629369455,0.9699994497308798,0.009302677769354364,0.018233248427934553
audio,5,1.01426066842236,1.3435388385103326,993,0.5762812834371853,0.39371816629369455,0.9699994497308798,0.0426359163160174,0.08356639597939411
audio,6,1.0304347176485154,1.769143771096545,993,0.5762812834371853,0.39371816629369455,0.9699994497308798,0.05614208061086553,0.11003847799729644
audio,7,1.0744992890394356,3.369064933681937,993,0.5762812834371853,0.39371816629369455,0.9699994497308798,0.10691404405916403,0.2095515263559615
audio,8,1.0289694858250469,5.093771111379054,993,0.5762812834371853,0.39371816629369455,0.9699994497308798,0.161645940268093,0.3168260429254623
audio,9,0.9847560402286919,5.049532086473235,993,0.5762812834371853,0.39371816629369455,0.9699994497308798,0.160242057246834,0.3140744322037946
audio,10,0.8757471340002088,6.768239658098629,993,0.5762812834371853,0.39371816629369455,0.9699994497308798,0.2147835934459472,0.4209758431540565
audio,11,0.7642642568586161,6.698296471947811,993,0.5762812834371853,0.39371816629369455,0.9699994497308798,0.21256401352304122,0.4166254665051608
audio,12,0.6010326063552535,3.3021742901198716,993,0.5762812834371853,0.39371816629369455,0.9699994497308798,0.10479133364730955,0.20539101394872672
audio,13,0.46895638210830215,6.69125111326031,993,0.5762812834371853,0.39371816629369455,0.9699994497308798,0.21234043582301013,0.4161872542130998
audio,14,0.2454822770680298,4.821651585789499,993,0.5762812834371853,0.39371816629369455,0.9699994497308798,0.15301048814089244,0.2999005567561492
audio,15,0.08456000652412721,2.053615688862103,993,0.5762812834371853,0.39371816629369455,0.9699994497308798,0.06516952405534177,0.12773226714846986
audio,16,0.022909616477629857,1.2222753467367398,993,0.5762812834371853,0.39371816629369455,0.9699994497308798,0.03878773572067303,0.07602396201251914
audio,17,0.005940920580387546,1.3307758267346725,993,0.5762812834371853,0.39371816629369455,0.9699994497308798,0.042230894379613436,0.08277255298404233
audio,18,0.0030474890388526563,1.3357981846090556,993,0.5762812834371853,0.39371816629369455,0.9699994497308798,0.042390274089305124,0.08308493721503804
audio,19,0.005237764849663537,1.2453390784814045,993,0.5762812834371853,0.39371816629369455,0.9699994497308798,0.039519641124830085,0.07745849660466697
audio,20,-0.00014962066192483587,1.332760495681514,993,0.5762812834371853,0.39371816629369455,0.9699994497308798,0.042293875944944555,0.08289599685209133
audio,21,0.033529546788672024,0.9325834834334142,993,0.5762812834371853,0.39371816629369455,0.9699994497308798,0.029594642311533935,0.05800549893060651
audio,22,0.04863266392375358,0.9498379238441548,993,0.5762812834371853,0.39371816629369455,0.9699994497308798,0.030142195427488302,0.05907870303787707
audio,23,-0.0018267222081708538,0.5029046393651061,993,0.5762812834371853,0.39371816629369455,0.9699994497308798,0.01595919634350241,0.03128002483326472
audio,24,-0.00010156310544728734,0.5259938621506828,993,0.5762812834371853,0.39371816629369455,0.9699994497308798,0.016691910681391763,0.03271614493552785
audio,25,0.004366635684886018,1.3490293909025513,993,0.5762812834371853,0.39371816629369455,0.9699994497308798,0.042810153729639845,0.0839079013100941
audio,26,-0.062406919046708004,1.7219180569297619,993,0.5762812834371853,0.39371816629369455,0.9699994497308798,0.054643417870745836,0.10710109902666183
audio,27,-0.04382877714352167,1.4983550380733885,993,0.5762812834371853,0.39371816629369455,0.9699994497308798,0.047548859909261755,0.09319576542215303
audio,28,-0.005122808117363528,1.7631188222800034,993,0.5762812834371853,0.39371816629369455,0.9699994497308798,0.0559508846393109,0.10966373389304937
audio,29,0.002484381566852822,0.21215721015324845,993,0.5762812834371853,0.39371816629369455,0.9699994497308798,0.006732605562756162,0.013195906903002078
audio,30,0.02347143664592988,1.0457607169116339,993,0.5762812834371853,0.39371816629369455,0.9699994497308798,0.03318621325622354,0.06504497798219815
audio,31,0.04079395835527692,0.9358014415470057,993,0.5762812834371853,0.39371816629369455,0.9699994497308798,0.029696761125599377,0.05820565180617478
audio,32,-0.010561993801231096,0.8507646743355898,993,0.5762812834371853,0.39371816629369455,0.9699994497308798,0.026998200885516896,0.05291647373561312
audio,33,0.03723387939208977,0.9381763032621863,993,0.5762812834371853,0.39371816629369455,0.9699994497308798,0.02977212508416035,0.058353365164954284
audio,34,0.0052672381143280145,0.15160789772612854,993,0.5762812834371853,0.39371816629369455,0.9699994497308798,0.004811131211856537,0.009429817175238813
audio,35,0.0,0.0,993,0.5762812834371853,0.39371816629369455,0.9699994497308798,0.0,0.0
control,0,-0.006519934310898542,1.3327415669747957,993,0.5762812834371853,0.39371816629369455,0.9699994497308798,0.04229327526059329,0.08289481951076284
control,1,0.03921511635499021,0.9319005789224414,993,0.5762812834371853,0.39371816629369455,0.9699994497308798,0.02957297099192106,0.05796302314416528
control,2,0.01955614618873294,1.325470963904372,993,0.5762812834371853,0.39371816629369455,0.9699994497308798,0.042062549646124804,0.08244259730640462
control,3,-0.02182320802617344,0.8599334575375904,993,0.5762812834371853,0.39371816629369455,0.9699994497308798,0.02728916342572425,0.053486760314419526
control,4,-0.011659550846408904,0.487587856488639,993,0.5762812834371853,0.39371816629369455,0.9699994497308798,0.015473132930794718,0.030327340544357647
control,5,0.0023256823740998626,0.499344739587797,993,0.5762812834371853,0.39371816629369455,0.9699994497308798,0.015846226338729754,0.031058603623910316
control,6,0.009403556611157817,1.2501097497664588,993,0.5762812834371853,0.39371816629369455,0.9699994497308798,0.039671033802027515,0.07775522625197392
control,7,-0.01316322381867757,1.7611808051404285,993,0.5762812834371853,0.39371816629369455,0.9699994497308798,0.05588938352433492,0.10954319170769644
control,8,-0.018123138373710285,1.7588860484260922,993,0.5762812834371853,0.39371816629369455,0.9699994497308798,0.05581656162113892,0.10940046077743228
control,9,-0.010564245329687562,1.762804538851582,993,0.5762812834371853,0.39371816629369455,0.9699994497308798,0.055940911156171,0.10964418586609516
control,10,-0.003229868597962363,1.2763316412138637,993,0.5762812834371853,0.39371816629369455,0.9699994497308798,0.04050316037504035,0.07938619433507908
control,11,-0.027574927358368268,0.9685347689398524,993,0.5762812834371853,0.39371816629369455,0.9699994497308798,0.03073552187256343,0.06024162287022432
control,12,0.03941415260741333,0.9412011702418107,993,0.5762812834371853,0.39371816629369455,0.9699994497308798,0.0298681163363026,0.058541508019153095
control,13,0.016646466095511694,1.0409359330875008,993,0.5762812834371853,0.39371816629369455,0.9699994497308798,0.03303310336950326,0.0647448826042264
control,14,0.031535384172569625,0.9330802495201783,993,0.5762812834371853,0.39371816629369455,0.9699994497308798,0.02961040670679875,0.05803639714532555
control,15,0.018870623849912675,1.038447727503011,993,0.5762812834371853,0.39371816629369455,0.9699994497308798,0.032954142551969344,0.06459011940185991
control,16,0.03932966402641578,1.1318907393629403,993,0.5762812834371853,0.39371816629369455,0.9699994497308798,0.035919466902692175,0.07040215512927667
control,17,0.08622854097538736,1.9124757770639067,993,0.5762812834371853,0.39371816629369455,0.9699994497308798,0.06069058433600316,0.1189535452985662
control,18,0.06663652753456109,2.0532658895262244,993,0.5762812834371853,0.39371816629369455,0.9699994497308798,0.0651584235089456,0.12771051007753337
control,19,0.020600621524858736,1.329479036180235,993,0.5762812834371853,0.39371816629369455,0.9699994497308798,0.04218974197525146,0.08269189427149286
control,20,0.0318220056885141,1.3288133395863408,993,0.5762812834371853,0.39371816629369455,0.9699994497308798,0.04216861673238122,0.08265048879546719
control,21,0.03399203315192206,1.2506852174951912,993,0.5762812834371853,0.39371816629369455,0.9699994497308798,0.039689295718409484,0.07779101960808259
control,22,0.007093307305785837,1.7589840185033616,993,0.5762812834371853,0.39371816629369455,0.9699994497308798,0.055819670607568046,0.10940655439083337
control,23,0.05310018009691817,0.9357995624732672,993,0.5762812834371853,0.39371816629369455,0.9699994497308798,0.029696701494996695,0.05820553493019352
control,24,-0.005933263562552002,1.3274580849605222,993,0.5762812834371853,0.39371816629369455,0.9699994497308798,0.04212560902679277,0.08256619369251383
control,25,0.01962825997793033,1.2454526290662689,993,0.5762812834371853,0.39371816629369455,0.9699994497308798,0.03952324454372289,0.07746555930569687
control,26,-0.056650063590128356,1.9994419976887494,993,0.5762812834371853,0.39371816629369455,0.9699994497308798,0.06345037392942665,0.12436273290167624
control,27,-0.007650222014114918,1.7630837263160073,993,0.5762812834371853,0.39371816629369455,0.9699994497308798,0.05594977090255758,0.10966155096901285
control,28,0.032166829605111004,0.930441489248971,993,0.5762812834371853,0.39371816629369455,0.9699994497308798,0.029526668180694087,0.05787226963416041
control,29,-0.013412417416568545,0.48406815851011614,993,0.5762812834371853,0.39371816629369455,0.9699994497308798,0.015361438691544929,0.03010841983542806
control,30,-0.05383911555020519,1.5684071503024615,993,0.5762812834371853,0.39371816629369455,0.9699994497308798,0.04977189649677909,0.09755291713368702
control,31,0.03748378974729812,0.9376172763022919,993,0.5762812834371853,0.39371816629369455,0.9699994497308798,0.02975438489980745,0.0583185944036226
control,32,-0.025474782575320494,0.6493114534306411,993,0.5762812834371853,0.39371816629369455,0.9699994497308798,0.02060527615427586,0.040386341262380686
control,33,-0.0407466630236998,1.9434332815458841,993,0.5762812834371853,0.39371816629369455,0.9699994497308798,0.0616729910462623,0.12087906245067412
control,34,-0.027132381706698506,0.6758819133973958,993,0.5762812834371853,0.39371816629369455,0.9699994497308798,0.02144846421490291,0.0420389898612097
control,35,0.0,0.0,993,0.5762812834371853,0.39371816629369455,0.9699994497308798,0.0,0.0
events,0,-0.031104107917417814,0.9723614938040597,993,0.5762812834371853,0.39371816629369455,0.9699994497308798,0.03085695931552985,0.0604796402584385
events,1,0.029433867186089722,0.9358193344307648,993,0.5762812834371853,0.39371816629369455,0.9699994497308798,0.029697328939102596,0.05820676472064109
events,2,-0.02989551194051906,1.8306685589059521,993,0.5762812834371853,0.39371816629369455,0.9699994497308798,0.05809451073734485,0.1138652410451959
events,3,-0.011043537186659345,1.3312068262695467,993,0.5762812834371853,0.39371816629369455,0.9699994497308798,0.042244571736437385,0.08279936060341728
events,4,0.031113020589297012,0.9327739607307124,993,0.5762812834371853,0.39371816629369455,0.9699994497308798,0.029600686925857635,0.058017346374680964
events,5,0.016425479878630432,1.0646716598317385,993,0.5762812834371853,0.39371816629369455,0.9699994497308798,0.03378633389039334,0.06622121442517094
events,6,-0.006521122318017447,1.3305591906353107,993,0.5762812834371853,0.39371816629369455,0.9699994497308798,0.0422240196407978,0.08275907849596369
events,7,0.0004486312427514084,0.3530660711920088,993,0.5762812834371853,0.39371816629369455,0.9699994497308798,0.011204213107868231,0.021960257691421733
events,8,-0.007593359717067615,1.335051058827565,993,0.5762812834371853,0.39371816629369455,0.9699994497308798,0.042366564769273495,0.08303846694777604
events,9,-0.05247314976941521,1.573541665977115,993,0.5762812834371853,0.39371816629369455,0.9699994497308798,0.049934835426680466,0.09787227743629372
events,10,0.0029119456666055693,0.9700927780120594,993,0.5762812834371853,0.39371816629369455,0.9699994497308798,0.0307849637960257,0.06033852904021037
events,11,0.011430440191385744,0.1506359516974503,993,0.5762812834371853,0.39371816629369455,0.9699994497308798,0.004780287436928261,0.009369363376379392
events,12,-0.025031837857324934,0.9664569038509436,993,0.5762812834371853,0.39371816629369455,0.9699994497308798,0.030669582817057662,0.06011238232143302
events,13,-0.007478374859516618,2.40040980607678,993,0.5762812834371853,0.39371816629369455,0.9699994497308798,0.07617470271980534,0.14930241733081845
events,14,0.012550326445388274,2.269002616574514,993,0.5762812834371853,0.39371816629369455,0.9699994497308798,0.07200462160688889,0.14112905834950223
events,15,0.2465563588977765,3.061370863624551,993,0.5762812834371853,0.39371816629369455,0.9699994497308798,0.09714966788642372,0.1904133490573905
events,16,0.31692322580913,3.247654211904185,993,0.5762812834371853,0.39371816629369455,0.9699994497308798,0.10306119126086088,0.20199993487128734
events,17,0.3554764269320694,2.795334672934823,993,0.5762812834371853,0.39371816629369455,0.9699994497308798,0.08870726455712684,0.17386623853196861
events,18,0.5224025995079992,1.710903782838754,993,0.5762812834371853,0.39371816629369455,0.9699994497308798,0.054293890447372976,0.10641602527685103
events,19,0.3411195874234604,1.6632726934379523,993,0.5762812834371853,0.39371816629369455,0.9699994497308798,0.05278236351303812,0.1034534324855547
events,20,0.31739520863999054,1.3895879357262837,993,0.5762812834371853,0.39371816629369455,0.9699994497308798,0.044097240245814864,0.08643059088179714
events,21,0.2169815090023769,0.5272881229335484,993,0.5762812834371853,0.39371816629369455,0.9699994497308798,0.016732982805879468,0.03279664629952376
events,22,0.2369742010836318,0.990150551026335,993,0.5762812834371853,0.39371816629369455,0.9699994497308798,0.03142147798319317,0.06158609684705861
events,23,0.12445762850929298,1.3280757867860005,993,0.5762812834371853,0.39371816629369455,0.9699994497308798,0.04214521120172397,0.08260461395537899
events,24,0.11291847840818717,0.5291721564777426,993,0.5762812834371853,0.39371816629369455,0.9699994497308798,0.016792770803237177,0.032913830774344864
events,25,0.11407086704025278,0.5108349903566854,993,0.5762812834371853,0.39371816629369455,0.9699994497308798,0.016210858425417744,0.03177328251381878
events,26,0.12836413271477895,0.19902169946798806,993,0.5762812834371853,0.39371816629369455,0.9699994497308798,0.006315762730757445,0.012378894952284591
events,27,0.06402462723852866,0.156806342037816,993,0.5762812834371853,0.39371816629369455,0.9699994497308798,0.004976098855733755,0.009753153757238158
events,28,0.07231085215754741,1.0424417072609242,993,0.5762812834371853,0.39371816629369455,0.9699994497308798,0.033080887668556415,0.06483853983037058
events,29,0.052232317375313836,0.19085909718444577,993,0.5762812834371853,0.39371816629369455,0.9699994497308798,0.0060567303768673895,0.011871191538660083
events,30,0.00852173353444707,0.5009951781987299,993,0.5762812834371853,0.39371816629369455,0.9699994497308798,0.01589860142494496,0.03116125879289212
events,31,-0.03400537556474102,1.5827660855231358,993,0.5762812834371853,0.39371816629369455,0.9699994497308798,0.050227563532898846,0.09844602452448174
events,32,0.00114430315512124,1.7607063054833423,993,0.5762812834371853,0.39371816629369455,0.9699994497308798,0.05587432573285794,0.10951367843640157
events,33,0.02244402819805279,0.12587892723046296,993,0.5762812834371853,0.39371816629369455,0.9699994497308798,0.003994647012436766,0.00782950814437606
events,34,-0.02456853321374492,0.9594455523513677,993,0.5762812834371853,0.39371816629369455,0.9699994497308798,0.030447084302515613,0.0596762852329306
events,35,0.0,0.0,993,0.5762812834371853,0.39371816629369455,0.9699994497308798,0.0,0.0
part1,0,-0.03949338041654134,0.965259976587228,993,0.5762812834371853,0.39371816629369455,0.9699994497308798,0.03063159947843775,0.06003793497773799
part1,1,-0.08200162260969635,1.7624312786559357,993,0.5762812834371853,0.39371816629369455,0.9699994497308798,0.055929066101893805,0.10962096955971186
part1,2,-0.010470948490528419,1.7574277830382183,993,0.5762812834371853,0.39371816629369455,0.9699994497308798,0.0557702849678247,0.1093097585369364
part1,3,-0.04643493340639323,2.001708047487604,993,0.5762812834371853,0.39371816629369455,0.9699994497308798,0.06352228484619554,0.12450367829854327
part1,4,-0.012488822412201239,0.48745596062271745,993,0.5762812834371853,0.39371816629369455,0.9699994497308798,0.015468947342004375,0.030319136790328573
part1,5,0.02165992607168434,1.0548941373918088,993,0.5762812834371853,0.39371816629369455,0.9699994497308798,0.03347605359437373,0.06561306504497251
part1,6,0.04157816040129412,0.9374600910890308,993,0.5762812834371853,0.39371816629369455,0.9699994497308798,0.029749396777836862,0.05830881768456025
part1,7,0.010056918640226741,1.2559386063636668,993,0.5762812834371853,0.39371816629369455,0.9699994497308798,0.039856006975093485,0.07811777367118322
part1,8,0.016163617428130703,1.2565901829199708,993,0.5762812834371853,0.39371816629369455,0.9699994497308798,0.03987668413211476,0.07815830089894493
part1,9,0.0030083161914389164,1.3295629391838284,993,0.5762812834371853,0.39371816629369455,0.9699994497308798,0.04219240455659063,0.08269711293091764
part1,10,0.02641850348949365,1.0466786533987347,993,0.5762812834371853,0.39371816629369455,0.9699994497308798,0.03321534309015588,0.06510207245670552
part1,11,0.02887251508774945,1.3403245865214513,993,0.5762812834371853,0.39371816629369455,0.9699994497308798,0.04253391511226472,0.08336647362003885
part1,12,0.08814098252209746,2.9300246909133953,993,0.5762812834371853,0.39371816629369455,0.9699994497308798,0.09298152308284575,0.18224378524237766
part1,13,0.01417228016427897,2.492876652581929,993,0.5762812834371853,0.39371816629369455,0.9699994497308798,0.07910904939933323,0.15505373682269313
part1,14,0.13273609600862912,2.860020146288839,993,0.5762812834371853,0.39371816629369455,0.9699994497308798,0.09075999600763085,0.17788959217495645
part1,15,0.06587236125203386,1.933815548305715,993,0.5762812834371853,0.39371816629369455,0.9699994497308798,0.0613677815072271,0.12028085175416511
part1,16,0.027432879416985727,2.4466261783573082,993,0.5762812834371853,0.39371816629369455,0.9699994497308798,0.07764133496332672,0.15217701652812035
part1,17,0.08495900228837201,1.87864806509471,993,0.5762812834371853,0.39371816629369455,0.9699994497308798,0.05961709434424367,0.11684950491471759
part1,18,0.0383044716961552,0.9366822584926979,993,0.5762812834371853,0.39371816629369455,0.9699994497308798,0.02972471300649022,0.058260437492720835
part1,19,-0.00145822487459761,1.3310165781228354,993,0.5762812834371853,0.39371816629369455,0.9699994497308798,0.04223853439398775,0.082787527412216
part1,20,-0.03579513960233275,0.9556347811835295,993,0.5762812834371853,0.39371816629369455,0.9699994497308798,0.030326153134800662,0.0594392601442093
part1,21,0.013606336688032553,0.1904116972221584,993,0.5762812834371853,0.39371816629369455,0.9699994497308798,0.006042532568210795,0.011843363833693159
part1,22,0.013492990475830366,1.2452390622031795,993,0.5762812834371853,0.39371816629369455,0.9699994497308798,0.03951646720417635,0.07745227572018565
part1,23,-0.06918284561441733,1.638456455274065,993,0.5762812834371853,0.39371816629369455,0.9699994497308798,0.05199484399867336,0.10190989423739978
part1,24,-0.0019736873617708234,1.3309951166048344,993,0.5762812834371853,0.39371816629369455,0.9699994497308798,0.04223785333329991,0.08278619253326781
part1,25,0.04216140692293006,0.9336851531026166,993,0.5762812834371853,0.39371816629369455,0.9699994497308798,0.02962960274176317,0.05807402137385581
part1,26,-0.03653110750235593,0.963019925253567,993,0.5762812834371853,0.39371816629369455,0.9699994497308798,0.03056051359802402,0.05989860665212708
part1,27,0.011723838893109061,0.23496918119757193,993,0.5762812834371853,0.39371816629369455,0.9699994497308798,0.007456521582577057,0.01461478230185103
part1,28,0.03158308212296087,0.9325664130752703,993,0.5762812834371853,0.39371816629369455,0.9699994497308798,0.029594100600092148,0.05800443717618061
part1,29,-0.0305640354222188,0.9633593005184258,993,0.5762812834371853,0.39371816629369455,0.9699994497308798,0.03057128334652514,0.059919715359189274
part1,30,-0.06591472381388394,1.640806117278788,993,0.5762812834371853,0.39371816629369455,0.9699994497308798,0.052069408268594554,0.10205604020644532
part1,31,0.009493602627690848,0.1618327981539759,993,0.5762812834371853,0.39371816629369455,0.9699994497308798,0.005135608619197194,0.0100657928936265
part1,32,0.022476792454282118,1.0446122746767526,993,0.5762812834371853,0.39371816629369455,0.9699994497308798,0.03314976854348679,0.06497354634523411
part1,33,0.016742007362617346,1.0365281338190087,993,0.5762812834371853,0.39371816629369455,0.9699994497308798,0.03289322608768415,0.06447072313186093
part1,34,0.00048438942333689326,0.10642336688950343,993,0.5762812834371853,0.39371816629369455,0.9699994497308798,0.0033772434668138474,0.0066193971949551405
part1,35,0.0,0.0,993,0.5762812834371853,0.39371816629369455,0.9699994497308798,0.0,0.0
part10,0,-0.02413395536684889,0.8462509633063992,993,0.5762812834371853,0.39371816629369455,0.9699994497308798,0.026854962595562706,0.0526357266873029
part10,1,0.030032062406085188,1.0708761442730137,993,0.5762812834371853,0.39371816629369455,0.9699994497308798,0.03398322725278809,0.06660712541546465
part10,2,0.02093408198437745,1.045404931661905,993,0.5762812834371853,0.39371816629369455,0.9699994497308798,0.033174922752593046,0.06502284859508237
part10,3,0.017821939339767442,1.0438569607500525,993,0.5762812834371853,0.39371816629369455,0.9699994497308798,0.033125799380521015,0.06492656678582119
part10,4,-0.037567292846160005,1.9493703354545575,993,0.5762812834371853,0.39371816629369455,0.9699994497308798,0.061861397757224636,0.12124833960416029
part10,5,-0.01386954470999286,1.8351121672437027,993,0.5762812834371853,0.39371816629369455,0.9699994497308798,0.058235524385628776,0.1141416277958324
part10,6,-0.08011618004902037,1.7681844997456697,993,0.5762812834371853,0.39371816629369455,0.9699994497308798,0.05611163905467976,0.10997881254717233
part10,7,0.038141333908598495,0.9367920622469094,993,0.5762812834371853,0.39371816629369455,0.9699994497308798,0.029728197523306223,0.058267267145680195
part10,8,0.024092500789977093,1.0513426627699547,993,0.5762812834371853,0.39371816629369455,0.9699994497308798,0.033363350953828017,0.06539216786950292
part10,9,0.018129293567405627,1.046429359418271,993,0.5762812834371853,0.39371816629369455,0.9699994497308798,0.03320743198480896,0.06508656669022556
part10,10,-0.03842091237175633,0.9584716393648053,993,0.5762812834371853,0.39371816629369455,0.9699994497308798,0.03041617810806559,0.05961570909180856
part10,11,0.004127170267264434,0.14689696872795563,993,0.5762812834371853,0.39371816629369455,0.9699994497308798,0.004661634398828415,0.009136803421703693
part10,12,0.009437340513644,0.18085506231278076,993,0.5762812834371853,0.39371816629369455,0.9699994497308798,0.005739261926097666,0.011248953375151426
part10,13,-0.013302325911740475,0.8595194755091794,993,0.5762812834371853,0.39371816629369455,0.9699994497308798,0.027276026103144696,0.053461011162163605
part10,14,-0.03785997190793492,1.5019104096951736,993,0.5762812834371853,0.39371816629369455,0.9699994497308798,0.04766168621736227,0.09341690498603004
part10,15,-0.016214203395572745,0.9586144809463107,993,0.5762812834371853,0.39371816629369455,0.9699994497308798,0.030420711048640844,0.05962459365533605
part10,16,-0.01206045041892902,1.6581642633872467,993,0.5762812834371853,0.39371816629369455,0.9699994497308798,0.05262025238539137,0.10313569467536708
part10,17,0.05731184993607376,0.2255249174964488,993,0.5762812834371853,0.39371816629369455,0.9699994497308798,0.0071568169329712834,0.014027361188623716
part10,18,0.26276095424339374,1.6034736763118886,993,0.5762812834371853,0.39371816629369455,0.9699994497308798,0.05088469906383334,0.09973401016511334
part10,19,0.25063500123374904,1.6488559461637715,993,0.5762812834371853,0.39371816629369455,0.9699994497308798,0.05232486186685373,0.10255672925903331
part10,20,0.2553687929903613,1.5304145602208876,993,0.5762812834371853,0.39371816629369455,0.9699994497308798,0.04856623809307953,0.09518982666243588
part10,21,0.2800193658903735,1.2848925316348845,993,0.5762812834371853,0.39371816629369455,0.9699994497308798,0.04077483202093481,0.07991867076103223
part10,22,0.21801169718534244,1.6296717436586474,993,0.5762812834371853,0.39371816629369455,0.9699994497308798,0.05171606960186428,0.10136349641965398
part10,23,0.11107189160359944,0.49177405925298834,993,0.5762812834371853,0.39371816629369455,0.9699994497308798,0.0156059780601105,0.030587716997816577
part10,24,0.1579058722017855,0.9371329729660645,993,0.5762812834371853,0.39371816629369455,0.9699994497308798,0.02973901599797663,0.05828847135603419
part10,25,0.15537652173831096,0.9365378097963987,993,0.5762812834371853,0.39371816629369455,0.9699994497308798,0.02972012906566853,0.05825145296871032
part10,26,0.10202515234095176,0.6791390667919508,993,0.5762812834371853,0.39371816629369455,0.9699994497308798,0.021551826853613565,0.04224158063308259
part10,27,0.06312863661199437,1.2514563544196808,993,0.5762812834371853,0.39371816629369455,0.9699994497308798,0.039713767009032674,0.07783898333770405
part10,28,0.041712840527702154,1.7624540739672225,993,0.5762812834371853,0.39371816629369455,0.9699994497308798,0.055929789489232204,0.10962238739889511
part10,29,0.03917284349442421,0.5050917757054659,993,0.5762812834371853,0.39371816629369455,0.9699994497308798,0.01602860301735986,0.03141606191402532
part10,30,-0.01176589686241324,1.8174439875060828,993,0.5762812834371853,0.39371816629369455,0.9699994497308798,0.05767484164899517,0.11304268963203053
part10,31,0.02706289259760796,0.16983900733652954,993,0.5762812834371853,0.39371816629369455,0.9699994497308798,0.0053896779880398295,0.010563768856558065
part10,32,-0.03512265053244887,2.0036485355410747,993,0.5762812834371853,0.39371816629369455,0.9699994497308798,0.0635838643732539,0.12462437417157765
part10,33,0.047366254293975986,0.9361947723989364,993,0.5762812834371853,0.39371816629369455,0.9699994497308798,0.02970924310290196,0.05823011648168784
part10,34,-0.010139920135990637,0.8370635733811318,993,0.5762812834371853,0.39371816629369455,0.9699994497308798,0.026563409588840074,0.052064282794126546
part10,35,0.0,0.0,993,0.5762812834371853,0.39371816629369455,0.9699994497308798,0.0,0.0
part11,0,-0.027091266245715725,0.847411793604667,993,0.5762812834371853,0.39371816629369455,0.9699994497308798,0.026891800431608385,0.052707928845952434
part11,1,0.003103412644250839,1.1525337878938433,993,0.5762812834371853,0.39371816629369455,0.9699994497308798,0.03657455424698282,0.07168612632408632
part11,2,-0.007780438747551451,0.49567098760484934,993,0.5762812834371853,0.39371816629369455,0.9699994497308798,0.015729643343418333,0.03083010095309993
part11,3,-0.014497036550553713,0.5017461617704408,993,0.5762812834371853,0.39371816629369455,0.9699994497308798,0.01592243316824884,0.03120796900976773
part11,4,-0.07495122273376219,1.7749965371998846,993,0.5762812834371853,0.39371816629369455,0.9699994497308798,0.056327812529174556,0.11040251255718213
part11,5,0.02020497203431282,1.0441114716947948,993,0.5762812834371853,0.39371816629369455,0.9699994497308798,0.033133876041225196,0.06494239704080139
part11,6,0.020480774096204173,1.0440808617925799,993,0.5762812834371853,0.39371816629369455,0.9699994497308798,0.03313290466533946,0.06494049314406534
part11,7,-0.07218301789580987,2.052692851146184,993,0.5762812834371853,0.39371816629369455,0.9699994497308798,0.06514023868561415,0.12767486782380374
part11,8,-0.009765522451739577,0.5179937269190179,993,0.5762812834371853,0.39371816629369455,0.9699994497308798,0.01643803406355444,0.0322185467645667
part11,9,0.020415396606119983,1.0472134135632447,993,0.5762812834371853,0.39371816629369455,0.9699994497308798,0.033232313191034,0.06513533385442664
part11,10,-0.035234891211708516,0.9593363261038373,993,0.5762812834371853,0.39371816629369455,0.9699994497308798,0.030443618112320187,0.05966949150014757
part11,11,-0.041182766278677965,1.9442074962263367,993,0.5762812834371853,0.39371816629369455,0.9699994497308798,0.06169756000651879,0.12092721761277683
part11,12,-0.012046527195152973,0.5021449440163751,993,0.5762812834371853,0.39371816629369455,0.9699994497308798,0.015935088140311145,0.031232772755009842
part11,13,-0.020174252759548848,0.8079416291362751,993,0.5762812834371853,0.39371816629369455,0.9699994497308798,0.02563925262203432,0.05025293513918727
part11,14,-0.012454718656021668,0.4850930427274449,993,0.5762812834371853,0.39371816629369455,0.9699994497308798,0.015393962409111655,0.030172166321858842
part11,15,-0.04088468819067093,0.9600937967836264,993,0.5762812834371853,0.39371816629369455,0.9699994497308798,0.030467655717776484,0.05971660520684191
part11,16,-0.0381244885516425,0.9354008286758178,993,0.5762812834371853,0.39371816629369455,0.9699994497308798,0.029684048060400585,0.058180734198385146
part11,17,-0.057508423276559084,1.7828171625621005,993,0.5762812834371853,0.39371816629369455,0.9699994497308798,0.056575992573491,0.11088894544404236
part11,18,0.04610770294242981,0.5026292283761227,993,0.5762812834371853,0.39371816629369455,0.9699994497308798,0.015950456439941578,0.03126289462228549
part11,19,0.21012395460358513,0.9144219132436794,993,0.5762812834371853,0.39371816629369455,0.9699994497308798,0.029018302302163186,0.05687587251223984
part11,20,0.34827791296620925,1.3130326174837286,993,0.5762812834371853,0.39371816629369455,0.9699994497308798,0.04166783065334289,0.08166894808055206
part11,21,0.5895026447171757,1.7466263500658221,993,0.5762812834371853,0.39371816629369455,0.9699994497308798,0.055427511853193515,0.10863792323225929
part11,22,0.6874959087399656,1.3198405447176298,993,0.5762812834371853,0.39371816629369455,0.9699994497308798,0.04188387369393856,0.08209239244011958
part11,23,0.8261474643125577,1.3823436321038691,993,0.5762812834371853,0.39371816629369455,0.9699994497308798,0.04386734921910249,0.08598000446944089
part11,24,0.8639370182918749,1.5035300831759915,993,0.5762812834371853,0.39371816629369455,0.9699994497308798,0.047713085001683225,0.09351764660329911
part11,25,0.8073965662386031,1.852473565842841,993,0.5762812834371853,0.39371816629369455,0.9699994497308798,0.05878647171709752,0.11522148456551114
part11,26,0.8840377118448614,1.3169293574054795,993,0.5762812834371853,0.39371816629369455,0.9699994497308798,0.04179148995700192,0.08191132031572376
part11,27,0.9528145836318378,1.6839581625325706,993,0.5762812834371853,0.39371816629369455,0.9699994497308798,0.05343879703322841,0.10474004218512768
part11,28,0.9584060512799708,1.3752421954539598,993,0.5762812834371853,0.39371816629369455,0.9699994497308798,0.043641991938724395,0.08553830419989981
part11,29,0.957890404271085,1.392408351948643,993,0.5762812834371853,0.39371816629369455,0.9699994497308798,0.04418674344928472,0.08660601716059806
part11,30,0.98534395137816,1.374713611836515,993,0.5762812834371853,0.39371816629369455,0.9699994497308798,0.04362521784464284,0.08550542697549997
part11,31,0.9909860896299052,1.5568850211795138,993,0.5762812834371853,0.39371816629369455,0.9699994497308798,0.049406252781102784,0.09683625545096146
part11,32,0.9812649731689304,0.1509399114172851,993,0.5762812834371853,0.39371816629369455,0.9699994497308798,0.004789933307078681,0.009388269281874214
part11,33,0.9465423007314786,0.9241517988645583,993,0.5762812834371853,0.39371816629369455,0.9699994497308798,0.029327070889423514,0.05748105894327009
part11,34,0.9830659536113908,1.6209081115488755,993,0.5762812834371853,0.39371816629369455,0.9699994497308798,0.05143796414294737,0.10081840972017685
part11,35,1.0,0.0,993,0.5762812834371853,0.39371816629369455,0.9699994497308798,0.0,0.0
part2,0,0.033291888077729266,0.9383405110865338,993,0.5762812834371853,0.39371816629369455,0.9699994497308798,0.029777336061957673,0.05836357868143704
part2,1,-0.028245565914031132,1.8226936994652927,993,0.5762812834371853,0.39371816629369455,0.9699994497308798,0.057841436222490515,0.11336921499608141
part2,2,0.014369034697767442,1.246334315383957,993,0.5762812834371853,0.39371816629369455,0.9699994497308798,0.03955122401330013,0.07752039906606825
part2,3,0.024492745205504558,1.0435449723305674,993,0.5762812834371853,0.39371816629369455,0.9699994497308798,0.03311589872728833,0.06490716150548513
part2,4,0.05073361058719249,1.0478153626072908,993,0.5762812834371853,0.39371816629369455,0.9699994497308798,0.033251415466556536,0.06517277431445082
part2,5,-0.012983972768726381,0.5032759620724935,993,0.5762812834371853,0.39371816629369455,0.9699994497308798,0.01597097991344815,0.03130312063035837
part2,6,0.021975521895813855,1.0492691580017164,993,0.5762812834371853,0.39371816629369455,0.9699994497308798,0.0332975502689163,0.06526319852707595
part2,7,-0.02783351419699276,0.8443372408248485,993,0.5762812834371853,0.39371816629369455,0.9699994497308798,0.026794232448255656,0.05251669559858108
part2,8,0.007390422135259103,0.6925069333498911,993,0.5762812834371853,0.39371816629369455,0.9699994497308798,0.02197604327635574,0.043073044821657254
part2,9,-0.03220129838120239,0.9661305444640843,993,0.5762812834371853,0.39371816629369455,0.9699994497308798,0.030659226114960008,0.06009208318532162
part2,10,-0.030806612734866626,0.9682472772455586,993,0.5762812834371853,0.39371816629369455,0.9699994497308798,0.030726398599407404,0.06022374125483851
part2,11,-0.038488294931897586,0.9596986153449416,993,0.5762812834371853,0.39371816629369455,0.9699994497308798,0.030455115013878344,0.059692025427201555
part2,12,0.02249561701325218,1.036825420752609,993,0.5762812834371853,0.39371816629369455,0.9699994497308798,0.03290266020336397,0.06448921399859338
part2,13,0.029610950328074842,0.6898632168850839,993,0.5762812834371853,0.39371816629369455,0.9699994497308798,0.02189214747020117,0.04290860904159429
part2,14,0.01711606416252418,0.6923982187669271,993,0.5762812834371853,0.39371816629369455,0.9699994497308798,0.02197259332334454,0.0430662829137553
part2,15,-0.03937957473154478,1.9908539562226701,993,0.5762812834371853,0.39371816629369455,0.9699994497308798,0.06317784067116057,0.12382856771547472
part2,16,-0.015530916027151159,1.7898620060306194,993,0.5762812834371853,0.39371816629369455,0.9699994497308798,0.05679955392354192,0.11132712569014216
part2,17,-0.029147779930862726,1.7007453536674233,993,0.5762812834371853,0.39371816629369455,0.9699994497308798,0.05397152244159856,0.10578418398553317
part2,18,0.010508048344699617,0.855014347814298,993,0.5762812834371853,0.39371816629369455,0.9699994497308798,0.027133060197071665,0.053180797986260464
part2,19,-0.015947962965754334,1.5006394160363186,993,0.5762812834371853,0.39371816629369455,0.9699994497308798,0.04762135245273719,0.09333785080736488
part2,20,-0.003884945261881012,0.8472070330903906,993,0.5762812834371853,0.39371816629369455,0.9699994497308798,0.026885302553094362,0.05269519300406495
part2,21,-0.03265590648203462,1.9435271153328364,993,0.5762812834371853,0.39371816629369455,0.9699994497308798,0.06167596877148575,0.12088489879211206
part2,22,0.018224209422762358,1.2458165142140283,993,0.5762812834371853,0.39371816629369455,0.9699994497308798,0.03953479208984796,0.077488192496102
part2,23,-0.00980207757675063,1.3333699820968472,993,0.5762812834371853,0.39371816629369455,0.9699994497308798,0.04231321741171503,0.08293390612696146
part2,24,-0.01936117791399172,0.8620138651370687,993,0.5762812834371853,0.39371816629369455,0.9699994497308798,0.02735518316536416,0.053616159004113755
part2,25,-0.0034459796097287532,1.3348706861680246,993,0.5762812834371853,0.39371816629369455,0.9699994497308798,0.042360840815936655,0.08302724799923585
part2,26,-0.034278508012764074,0.9562847867161401,993,0.5762812834371853,0.39371816629369455,0.9699994497308798,0.030346780436891953,0.059479689656308225
part2,27,0.034292646631525474,0.932702952198791,993,0.5762812834371853,0.39371816629369455,0.9699994497308798,0.02959843353820858,0.058012929734888814
part2,28,-0.005914833912708429,1.332285155925136,993,0.5762812834371853,0.39371816629369455,0.9699994497308798,0.04227879149372238,0.08286643132769586
part2,29,0.004431870325684393,1.254547342492637,993,0.5762812834371853,0.39371816629369455,0.9699994497308798,0.039811856550648374,0.07803123883927081
part2,30,0.01024613712017059,0.16262874456950546,993,0.5762812834371853,0.39371816629369455,0.9699994497308798,0.005160867215221243,0.010115299741833636
part2,31,-0.010883999008086691,0.4816574479245794,993,0.5762812834371853,0.39371816629369455,0.9699994497308798,0.015284937103469481,0.029958476722800182
part2,32,0.01600388379217763,0.21044806542647515,993,0.5762812834371853,0.39371816629369455,0.9699994497308798,0.006678367494265737,0.013089600288760845
part2,33,-0.020384231404212125,0.8466588781763308,993,0.5762812834371853,0.39371816629369455,0.9699994497308798,0.02686790738268754,0.05266109847006758
part2,34,-0.0035242285316039236,0.4824726099858566,993,0.5762812834371853,0.39371816629369455,0.9699994497308798,0.015310805489579662,0.030009178759576136
part2,35,0.0,0.0,993,0.5762812834371853,0.39371816629369455,0.9699994497308798,0.0,0.0
part3,0,0.028790486414480596,0.9406192273415407,993,0.5762812834371853,0.39371816629369455,0.9699994497308798,0.02984964893656288,0.058505311915663244
part3,1,0.0071125509301003574,1.2463370892090848,993,0.5762812834371853,0.39371816629369455,0.9699994497308798,0.0395513120379799,0.0775205715944406
part3,2,0.03851430035710806,0.942269893505286,993,0.5762812834371853,0.39371816629369455,0.9699994497308798,0.02990203124394832,0.05860798123813871
part3,3,-0.0315665149908802,1.8229933622668202,993,0.5762812834371853,0.39371816629369455,0.9699994497308798,0.057850945734060064,0.11338785363875772
part3,4,-0.003242104010598365,1.3373627722563364,993,0.5762812834371853,0.39371816629369455,0.9699994497308798,0.042439924777537184,0.08318225256397288
part3,5,0.004539142663987012,1.2474728177891343,993,0.5762812834371853,0.39371816629369455,0.9699994497308798,0.03958735329507552,0.07759121245834802
part3,6,0.03484876275445858,0.9357812191772328,993,0.5762812834371853,0.39371816629369455,0.9699994497308798,0.029696119388091954,0.05820439400066023
part3,7,-0.020254741352970014,0.5578170364479534,993,0.5762812834371853,0.39371816629369455,0.9699994497308798,0.017701788592887683,0.03469550564205986
part3,8,0.02911577648121794,1.0425848653193823,993,0.5762812834371853,0.39371816629369455,0.9699994497308798,0.0330854306522242,0.06484744407835942
part3,9,-0.038849998647542384,0.9651595337229599,993,0.5762812834371853,0.39371816629369455,0.9699994497308798,0.030628412020485125,0.06003168756015084
part3,10,-0.010898441432305192,1.3366775512642588,993,0.5762812834371853,0.39371816629369455,0.9699994497308798,0.04241817994661842,0.08313963269537211
part3,11,0.0030318219716891984,1.262347623170469,993,0.5762812834371853,0.39371816629369455,0.9699994497308798,0.04005939097592054,0.07851640631280425
part3,12,-0.00887824761648769,1.3371382685034463,993,0.5762812834371853,0.39371816629369455,0.9699994497308798,0.042432800366283496,0.08316828871791565
part3,13,-0.009382691213775468,1.3381029997020282,993,0.5762812834371853,0.39371816629369455,0.9699994497308798,0.042463415185499134,0.0832282937635783
part3,14,0.0042131062649941355,1.4141853013153287,993,0.5762812834371853,0.39371816629369455,0.9699994497308798,0.04487781404895985,0.0879605155359613
part3,15,0.01444519571972747,1.2462353357740692,993,0.5762812834371853,0.39371816629369455,0.9699994497308798,0.0395480829903217,0.07751424266103053
part3,16,-0.008859002729638214,1.8182716249448974,993,0.5762812834371853,0.39371816629369455,0.9699994497308798,0.05770110592924509,0.11309416762132038
part3,17,0.005166198725085523,0.8600196690370324,993,0.5762812834371853,0.39371816629369455,0.9699994497308798,0.027291899264964864,0.05349212255933113
part3,18,0.025214438745879295,1.3285454980766636,993,0.5762812834371853,0.39371816629369455,0.9699994497308798,0.04216011703898551,0.0826338293964116
part3,19,0.07835112170353538,1.7791184087277405,993,0.5762812834371853,0.39371816629369455,0.9699994497308798,0.05645861616840682,0.11065888769007737
part3,20,-0.016473839857401047,0.9614002165172444,993,0.5762812834371853,0.39371816629369455,0.9699994497308798,0.030509113694903434,0.05979786284201073
part3,21,0.01827858612646617,0.17156476543063848,993,0.5762812834371853,0.39371816629369455,0.9699994497308798,0.005444443265807088,0.010671108800981892
part3,22,0.0477912334625254,0.9473554833225287,993,0.5762812834371853,0.39371816629369455,0.9699994497308798,0.030063417558694502,0.058924298415041224
part3,23,0.012471926132098698,1.2491890797866152,993,0.5762812834371853,0.39371816629369455,0.9699994497308798,0.03964181722332496,0.07769796175771691
part3,24,-0.02957630611723779,1.825784470956427,993,0.5762812834371853,0.39371816629369455,0.9699994497308798,0.05793951889108984,0.1135614570265361
part3,25,0.008021324335541157,0.18937937359173157,993,0.5762812834371853,0.39371816629369455,0.9699994497308798,0.0060097727680052965,0.01177915462529038
part3,26,-0.021794417521254952,0.843664369623814,993,0.5762812834371853,0.39371816629369455,0.9699994497308798,0.02677287952610971,0.052474843871175035
part3,27,0.025691098980852416,1.0390588448827223,993,0.5762812834371853,0.39371816629369455,0.9699994497308798,0.03297353577582993,0.06462813012062667
part3,28,-0.00795797530973543,1.7604913869068355,993,0.5762812834371853,0.39371816629369455,0.9699994497308798,0.05586750549798266,0.10950031077604601
part3,29,-0.01681636519887431,1.7629872480668871,993,0.5762812834371853,0.39371816629369455,0.9699994497308798,0.055946709257863804,0.10965555014541305
part3,30,0.036975774567527035,0.9404869981333497,993,0.5762812834371853,0.39371816629369455,0.9699994497308798,0.029845452769475356,0.058497087428171696
part3,31,0.00391669609793575,0.17213255912648376,993,0.5762812834371853,0.39371816629369455,0.9699994497308798,0.005462461654116326,0.010706424842068
part3,32,0.014301364459967455,1.0386405924640478,993,0.5762812834371853,0.39371816629369455,0.9699994497308798,0.03296026293651154,0.06460211535556261
part3,33,0.008267530156631843,0.14895862788569653,993,0.5762812834371853,0.39371816629369455,0.9699994497308798,0.00472705917465332,0.009265035982320508
part3,34,-0.008830296030289597,0.48576190898923344,993,0.5762812834371853,0.39371816629369455,0.9699994497308798,0.015415188238352171,0.030213768947170254
part3,35,0.0,0.0,993,0.5762812834371853,0.39371816629369455,0.9699994497308798,0.0,0.0
part4,0,-0.007875326489781091,1.328643508929613,993,0.5762812834371853,0.39371816629369455,0.9699994497308798,0.04216322731939173,0.0826399255460078
part4,1,-0.02426271356373139,1.3983014209933364,993,0.5762812834371853,0.39371816629369455,0.9699994497308798,0.04437375434277899,0.0869725585118468
part4,2,-0.04817990294757743,2.0040077214534615,993,0.5762812834371853,0.39371816629369455,0.9699994497308798,0.06359526279365194,0.12464671507555779
part4,3,-0.006078632891161838,1.3340551717201945,993,0.5762812834371853,0.39371816629369455,0.9699994497308798,0.04233496124717723,0.08297652404446737
part4,4,-0.05283959517129294,2.001363143941891,993,0.5762812834371853,0.39371816629369455,0.9699994497308798,0.06351133966300425,0.12448222573948832
part4,5,0.008916512259379249,1.2525983126183047,993,0.5762812834371853,0.39371816629369455,0.9699994497308798,0.039750005957098294,0.07791001167591266
part4,6,0.000787974067133712,1.3340286111921127,993,0.5762812834371853,0.39371816629369455,0.9699994497308798,0.042334118374295446,0.08297487201361907
part4,7,0.004085661689563841,1.2531011854054892,993,0.5762812834371853,0.39371816629369455,0.9699994497308798,0.0397659641426434,0.07794128971958106
part4,8,-0.014646255253497584,1.3630166216758353,993,0.5762812834371853,0.39371816629369455,0.9699994497308798,0.043254025081661034,0.08477788916005563
part4,9,0.020471823755165933,1.0521116670836694,993,0.5762812834371853,0.39371816629369455,0.9699994497308798,0.03338775456809387,0.06543999895346399
part4,10,0.013790233136990997,1.253441232790969,993,0.5762812834371853,0.39371816629369455,0.9699994497308798,0.03977675522024773,0.07796244023168554
part4,11,0.011210408377136915,1.0480131644043391,993,0.5762812834371853,0.39371816629369455,0.9699994497308798,0.033257692516854134,0.06518507733303411
part4,12,0.027821376410703938,1.0527903091772925,993,0.5762812834371853,0.39371816629369455,0.9699994497308798,0.03340929062398067,0.06548220962300211
part4,13,0.024001172859676883,1.037357222750619,993,0.5762812834371853,0.39371816629369455,0.9699994497308798,0.03291953642966568,0.06452229140214473
part4,14,0.011873364219455432,1.255234406502928,993,0.5762812834371853,0.39371816629369455,0.9699994497308798,0.03983365986798231,0.07807397334124533
part4,15,0.007199720028925098,1.2567317862456344,993,0.5762812834371853,0.39371816629369455,0.9699994497308798,0.03988117777782861,0.07816710844454408
part4,16,0.008266423462364293,1.4096854469592917,993,0.5762812834371853,0.39371816629369455,0.9699994497308798,0.04473501548723685,0.08768063035498423
part4,17,0.0401144819099192,1.1452087695315527,993,0.5762812834371853,0.39371816629369455,0.9699994497308798,0.03634210181542216,0.07123051955822744
part4,18,0.05819017967636377,0.9309029780033734,993,0.5762812834371853,0.39371816629369455,0.9699994497308798,0.02954131308365447,0.05790097364396276
part4,19,-0.0022444379859469,1.3297306167845662,993,0.5762812834371853,0.39371816629369455,0.9699994497308798,0.04219772564441348,0.08270754226305042
part4,20,0.012824910664127378,1.2466192849359077,993,0.5762812834371853,0.39371816629369455,0.9699994497308798,0.039560267248688136,0.07753812380742875
part4,21,-0.021268853574643053,0.8359325927468325,993,0.5762812834371853,0.39371816629369455,0.9699994497308798,0.026527519003248602,0.05199393724636726
part4,22,-0.03975416827762911,2.0450158438642605,993,0.5762812834371853,0.39371816629369455,0.9699994497308798,0.06489661622331713,0.12719736779770158
part4,23,-0.029075041899322335,0.9566906487823086,993,0.5762812834371853,0.39371816629369455,0.9699994497308798,0.030359660080258415,0.05950493375730649
part4,24,0.0015580562895924624,1.2484838933378275,993,0.5762812834371853,0.39371816629369455,0.9699994497308798,0.039619438807788385,0.07765410006326523
part4,25,0.0324898016484178,0.931714757005118,993,0.5762812834371853,0.39371816629369455,0.9699994497308798,0.029567074111615414,0.05795146525876621
part4,26,0.017420668278859436,0.20237951521944367,993,0.5762812834371853,0.39371816629369455,0.9699994497308798,0.0064223197928088855,0.012587746793905416
part4,27,-0.014536503734281994,1.7624830790307524,993,0.5762812834371853,0.39371816629369455,0.9699994497308798,0.05593070993710163,0.10962419147671919
part4,28,0.005675259192224659,1.2522997366010873,993,0.5762812834371853,0.39371816629369455,0.9699994497308798,0.03974053093358638,0.0778914406298293
part4,29,-0.012975399614444657,1.329177658101629,993,0.5762812834371853,0.39371816629369455,0.9699994497308798,0.04218017803100912,0.08267314894077787
part4,30,0.03175510469178231,0.9336179753291145,993,0.5762812834371853,0.39371816629369455,0.9699994497308798,0.029627470919558082,0.05806984300233384
part4,31,0.02494328175881483,1.0409371475979006,993,0.5762812834371853,0.39371816629369455,0.9699994497308798,0.03303314191082584,0.06474495814521865
part4,32,-0.06918749519784863,1.709256918936841,993,0.5762812834371853,0.39371816629369455,0.9699994497308798,0.05424162880111964,0.1063135924501945
part4,33,0.03244548770917509,0.9322599280539143,993,0.5762812834371853,0.39371816629369455,0.9699994497308798,0.029584374591920225,0.05798537420016364
part4,34,-0.026391868729602787,0.6730385820839448,993,0.5762812834371853,0.39371816629369455,0.9699994497308798,0.02135823382299744,0.04186213829307498
part4,35,0.0,0.0,993,0.5762812834371853,0.39371816629369455,0.9699994497308798,0.0,0.0
part5,0,0.023098332013738954,1.04953772315771,993,0.5762812834371853,0.39371816629369455,0.9699994497308798,0.03330607292653373,0.0652799029360061
part5,1,-0.008402278951528038,1.3429398589497934,993,0.5762812834371853,0.39371816629369455,0.9699994497308798,0.04261690827420562,0.08352914021744301
part5,2,0.0004278473810184349,1.3254713482132645,993,0.5762812834371853,0.39371816629369455,0.9699994497308798,0.04206256184179888,0.0824426212099258
part5,3,-0.034422248143018946,1.5079651761340276,993,0.5762812834371853,0.39371816629369455,0.9699994497308798,0.04785382842255988,0.09379350370821736
part5,4,-0.018785233821538377,0.8489626851688279,993,0.5762812834371853,0.39371816629369455,0.9699994497308798,0.026941016487779933,0.052804392316048665
part5,5,-0.006760787641255312,0.5070753131369493,993,0.5762812834371853,0.39371816629369455,0.9699994497308798,0.016091548675136437,0.03153943540326742
part5,6,0.007675514847549039,0.1762618670438235,993,0.5762812834371853,0.39371816629369455,0.9699994497308798,0.005593501280035864,0.010963262508870293
part5,7,-0.07103597295786428,2.0171390911354923,993,0.5762812834371853,0.39371816629369455,0.9699994497308798,0.06401197421488522,0.12546346946117504
part5,8,-0.005047667292463098,1.3368954864441593,993,0.5762812834371853,0.39371816629369455,0.9699994497308798,0.04242509591050887,0.0831531879845974
part5,9,0.03376654309093294,0.941400697787257,993,0.5762812834371853,0.39371816629369455,0.9699994497308798,0.02987444815157027,0.058553918377077734
part5,10,-0.0042147130918728255,1.3357018191969634,993,0.5762812834371853,0.39371816629369455,0.9699994497308798,0.042387216025386205,0.08307894340975697
part5,11,0.021339740523906067,1.0455732620462708,993,0.5762812834371853,0.39371816629369455,0.9699994497308798,0.033180264555878185,0.06503331852952124
part5,12,-0.007429223074573138,1.7657611430920672,993,0.5762812834371853,0.39371816629369455,0.9699994497308798,0.05603473615576437,0.10982808286529816
part5,13,0.011972186551563123,0.17392880335653957,993,0.5762812834371853,0.39371816629369455,0.9699994497308798,0.00551946374179747,0.010818148933923041
part5,14,0.021618330997504785,1.0513364840218944,993,0.5762812834371853,0.39371816629369455,0.9699994497308798,0.03336315487718498,0.06539178355928256
part5,15,-0.007289030699161559,0.48834005913718054,993,0.5762812834371853,0.39371816629369455,0.9699994497308798,0.015497003360332478,0.030374126586251656
part5,16,-0.042488094405002105,1.9464507457153792,993,0.5762812834371853,0.39371816629369455,0.9699994497308798,0.061768747377325885,0.12106674485955873
part5,17,-0.011975695458967497,1.3311594752929818,993,0.5762812834371853,0.39371816629369455,0.9699994497308798,0.042243069098615214,0.08279641543328582
part5,18,-0.006744113240979095,0.49526131549967417,993,0.5762812834371853,0.39371816629369455,0.9699994497308798,0.01571664279211859,0.030804619872552435
part5,19,-0.018700425840818834,1.8192805111702897,993,0.5762812834371853,0.39371816629369455,0.9699994497308798,0.05773312196588301,0.1131569190531307
part5,20,-0.00017178462153859503,1.3316948615426012,993,0.5762812834371853,0.39371816629369455,0.9699994497308798,0.042260059067703734,0.08282971577269932
part5,21,0.026427389624719095,1.0378128395508268,993,0.5762812834371853,0.39371816629369455,0.9699994497308798,0.03293399499179208,0.06455063018391248
part5,22,-0.003566531077852001,1.335258747390515,993,0.5762812834371853,0.39371816629369455,0.9699994497308798,0.042373155566603586,0.08305138491054302
part5,23,0.04092851418487867,0.9310727526492002,993,0.5762812834371853,0.39371816629369455,0.9699994497308798,0.029546700719191733,0.057911533409615794
part5,24,0.02132143925871744,1.0367048432353456,993,0.5762812834371853,0.39371816629369455,0.9699994497308798,0.03289883379151172,0.06448171423136297
part5,25,0.006911643235937621,0.1800084840361595,993,0.5762812834371853,0.39371816629369455,0.9699994497308798,0.005712396576528015,0.01119629728999491
part5,26,-0.0436069738096748,1.4975836284712605,993,0.5762812834371853,0.39371816629369455,0.9699994497308798,0.04752437996547526,0.09314778473233151
part5,27,-0.02713442904249776,0.9540987319448699,993,0.5762812834371853,0.39371816629369455,0.9699994497308798,0.030277408085592122,0.05934371984776056
part5,28,-0.02308795442922475,0.9666986653243957,993,0.5762812834371853,0.39371816629369455,0.9699994497308798,0.030677254885519763,0.060127419575618735
part5,29,-0.03216966827800051,1.9460563613894375,993,0.5762812834371853,0.39371816629369455,0.9699994497308798,0.061756231969036054,0.12104221465931067
part5,30,0.033745250956544036,0.9359693995583572,993,0.5762812834371853,0.39371816629369455,0.9699994497308798,0.029702091111984085,0.058216098579488805
part5,31,0.005519597320250305,1.2479598196770139,993,0.5762812834371853,0.39371816629369455,0.9699994497308798,0.03960280783285457,0.07762150335239495
part5,32,-0.012713733409453113,0.47162357573476016,993,0.5762812834371853,0.39371816629369455,0.9699994497308798,0.014966521794028126,0.029334382716295127
part5,33,-0.02579983555189803,0.6836648294830331,993,0.5762812834371853,0.39371816629369455,0.9699994497308798,0.021695447591497916,0.042523077279335915
part5,34,-0.015101062994706862,0.4758142029941572,993,0.5762812834371853,0.39371816629369455,0.9699994497308798,0.015099507330450266,0.02959503436768252
part5,35,0.0,0.0,993,0.5762812834371853,0.39371816629369455,0.9699994497308798,0.0,0.0
part6,0,0.04000962794242775,1.1321452918129036,993,0.5762812834371853,0.39371816629369455,0.9699994497308798,0.03592754488052474,0.07041798796582849
part6,1,-0.06682430378283626,1.7177177733951583,993,0.5762812834371853,0.39371816629369455,0.9699994497308798,0.05451012590169233,0.10683984676731696
part6,2,0.005532292829710108,0.15140292200927327,993,0.5762812834371853,0.39371816629369455,0.9699994497308798,0.004804626504095096,0.009417067948026388
part6,3,-0.036865486085528136,1.9430902244347472,993,0.5762812834371853,0.39371816629369455,0.9699994497308798,0.06166210445790118,0.12085772473748631
part6,4,-0.009856562005685637,1.3657840350138,993,0.5762812834371853,0.39371816629369455,0.9699994497308798,0.04334184628943506,0.08495001872729271
part6,5,-0.015297961727487114,0.47305975138575684,993,0.5762812834371853,0.39371816629369455,0.9699994497308798,0.015012097450731053,0.029423711003432863
part6,6,-0.0314413166013607,0.9606971005230076,993,0.5762812834371853,0.39371816629369455,0.9699994497308798,0.030486800983256058,0.05975412992718187
part6,7,-0.03641744758975892,0.9609181119976838,993,0.5762812834371853,0.39371816629369455,0.9699994497308798,0.030493814570410428,0.05976787655800444
part6,8,-0.04833923030636241,1.9636516233026766,993,0.5762812834371853,0.39371816629369455,0.9699994497308798,0.06231460072845581,0.12213661742777338
part6,9,-0.022188756671233028,0.8394991823073262,993,0.5762812834371853,0.39371816629369455,0.9699994497308798,0.026640701301873775,0.052215774551672596
part6,10,0.01915117636995754,1.038044527903625,993,0.5762812834371853,0.39371816629369455,0.9699994497308798,0.03294134739943238,0.06456504090288746
part6,11,-0.02641619551042973,0.685132014798661,993,0.5762812834371853,0.39371816629369455,0.9699994497308798,0.02174200731016341,0.042614334327920285
part6,12,-0.052052812942675615,1.5661859886806304,993,0.5762812834371853,0.39371816629369455,0.9699994497308798,0.049701410063251246,0.09741476372397244
part6,13,0.012020424954579195,1.1684096910016528,993,0.5762812834371853,0.39371816629369455,0.9699994497308798,0.03707836080392335,0.07267358717568977
part6,14,0.0394639752900487,0.9613104159472049,993,0.5762812834371853,0.39371816629369455,0.9699994497308798,0.03050626395995005,0.0597922773615021
part6,15,0.03826388612036759,0.936831247270036,993,0.5762812834371853,0.39371816629369455,0.9699994497308798,0.029729441022428825,0.058269704403960496
part6,16,-0.0022036929838813554,1.3272861215899006,993,0.5762812834371853,0.39371816629369455,0.9699994497308798,0.042120151934173566,0.08255549779098019
part6,17,0.02560940521833707,1.0510252298552973,993,0.5762812834371853,0.39371816629369455,0.9699994497308798,0.03335327752476341,0.06537242394853628
part6,18,-0.00015579009934804587,1.3353923760311477,993,0.5762812834371853,0.39371816629369455,0.9699994497308798,0.042377396143337305,0.08305969644094112
part6,19,-0.004370828472904687,1.829834465417613,993,0.5762812834371853,0.39371816629369455,0.9699994497308798,0.05806804158055591,0.11381336149788958
part6,20,0.042161378795247506,1.0450418250271436,993,0.5762812834371853,0.39371816629369455,0.9699994497308798,0.033163399911831225,0.0650002638271892
part6,21,0.051516207055313026,1.0574247633856877,993,0.5762812834371853,0.39371816629369455,0.9699994497308798,0.0335563605829099,0.0657704667425034
part6,22,0.015185445679931533,1.332053748997574,993,0.5762812834371853,0.39371816629369455,0.9699994497308798,0.042271448016842,0.08285203811301033
part6,23,0.0478558101760824,1.0558581608919868,993,0.5762812834371853,0.39371816629369455,0.9699994497308798,0.033506645955459345,0.06567302607270031
part6,24,-0.00929189058487303,1.7602635494948298,993,0.5762812834371853,0.39371816629369455,0.9699994497308798,0.05586027529625459,0.109486139580659
part6,25,0.03970912341213315,0.9348489541239616,993,0.5762812834371853,0.39371816629369455,0.9699994497308798,0.029666534850856182,0.058146408307678116
part6,26,0.005474934334160465,1.2486127006665169,993,0.5762812834371853,0.39371816629369455,0.9699994497308798,0.039623526384812195,0.0776621117142319
part6,27,-0.04660477818675784,1.5027669664171455,993,0.5762812834371853,0.39371816629369455,0.9699994497308798,0.047688868223323785,0.09347018171771462
part6,28,0.015860109804081028,1.1604600342295386,993,0.5762812834371853,0.39371816629369455,0.9699994497308798,0.03682608607158087,0.0721791287002985
part6,29,-0.05240107372455537,1.0732335484188211,993,0.5762812834371853,0.39371816629369455,0.9699994497308798,0.03405803721213033,0.06675375293577544
part6,30,-0.0019755038159589714,1.3236547633988447,993,0.5762812834371853,0.39371816629369455,0.9699994497308798,0.04200491426518366,0.08232963195975997
part6,31,0.0069968929729238025,1.249521047576835,993,0.5762812834371853,0.39371816629369455,0.9699994497308798,0.03965235190272367,0.07771860972933839
part6,32,-0.05555778899228568,2.006889160651947,993,0.5762812834371853,0.39371816629369455,0.9699994497308798,0.06368670250273585,0.12482593690536227
part6,33,-0.008577551293093903,0.4818398428843031,993,0.5762812834371853,0.39371816629369455,0.9699994497308798,0.015290725232562844,0.029969821455823175
part6,34,-0.0607179682925625,1.5643394598839107,993,0.5762812834371853,0.39371816629369455,0.9699994497308798,0.04964281224308004,0.09729991199643687
part6,35,0.0,0.0,993,0.5762812834371853,0.39371816629369455,0.9699994497308798,0.0,0.0
part7,0,0.02563968765631568,1.0429623109448551,993,0.5762812834371853,0.39371816629369455,0.9699994497308798,0.03309740852710227,0.06487092071312045
part7,1,-0.026623536941074995,1.8243359185146768,993,0.5762812834371853,0.39371816629369455,0.9699994497308798,0.057893550468804185,0.1134713589188562
part7,2,0.022590482254791627,1.0472711440611406,993,0.5762812834371853,0.39371816629369455,0.9699994497308798,0.03323414521300956,0.06513892461749873
part7,3,-0.0688750277894756,2.0526328514034886,993,0.5762812834371853,0.39371816629369455,0.9699994497308798,0.06513833465133154,0.1276711359166098
part7,4,-0.020893765897253936,1.8270253647270085,993,0.5762812834371853,0.39371816629369455,0.9699994497308798,0.05797889746463242,0.11363863903067954
part7,5,-0.009122645892180458,1.3295675481454308,993,0.5762812834371853,0.39371816629369455,0.9699994497308798,0.042192550817566156,0.08269739960242967
part7,6,-0.014490718038963193,1.762752063711975,993,0.5762812834371853,0.39371816629369455,0.9699994497308798,0.05593924590794979,0.10964092197958158
part7,7,-0.013142703009454602,0.565906634013257,993,0.5762812834371853,0.39371816629369455,0.9699994497308798,0.017958504212070646,0.03519866825565846
part7,8,-0.038093834212284405,0.9556710771248169,993,0.5762812834371853,0.39371816629369455,0.9699994497308798,0.030327304951682305,0.05944151770529732
part7,9,-0.004014665730842165,1.3335822251243337,993,0.5762812834371853,0.39371816629369455,0.9699994497308798,0.04231995274060854,0.08294710737159273
part7,10,0.03732551145815913,0.9316658529953834,993,0.5762812834371853,0.39371816629369455,0.9699994497308798,0.029565522189775272,0.057948423491959535
part7,11,0.010158794369164413,0.15306313564125074,993,0.5762812834371853,0.39371816629369455,0.9699994497308798,0.00485731179122694,0.009520331110804803
part7,12,0.005302938045661403,0.1914342430632709,993,0.5762812834371853,0.39371816629369455,0.9699994497308798,0.00607498207965127,0.01190696487611649
part7,13,-0.007799502105434489,1.783218078935623,993,0.5762812834371853,0.39371816629369455,0.9699994497308798,0.056588715270045255,0.1109138819292887
part7,14,0.038915142973256475,0.980618880297942,993,0.5762812834371853,0.39371816629369455,0.9699994497308798,0.03111899955541791,0.060993239128619106
part7,15,0.14624935843633208,1.6321598392234151,993,0.5762812834371853,0.39371816629369455,0.9699994497308798,0.05179502692802785,0.10151825277893459
part7,16,0.20421393459238063,2.3249849790293307,993,0.5762812834371853,0.39371816629369455,0.9699994497308798,0.07378116818104151,0.14461108963484134
part7,17,0.14655481687491057,2.2823837723883296,993,0.5762812834371853,0.39371816629369455,0.9699994497308798,0.07242925975141919,0.1419613491127816
part7,18,0.16361606403010656,1.555511101368699,993,0.5762812834371853,0.39371816629369455,0.9699994497308798,0.049362652753772156,0.09675079939739342
part7,19,0.06504853952582584,1.6581968310950421,993,0.5762812834371853,0.39371816629369455,0.9699994497308798,0.052621285890359276,0.10313772034510418
part7,20,-0.003116021617982033,0.5055160189293357,993,0.5762812834371853,0.39371816629369455,0.9699994497308798,0.016042065969134742,0.03144244929950409
part7,21,-0.09189803532003064,1.778027648947331,993,0.5762812834371853,0.39371816629369455,0.9699994497308798,0.056424001953033646,0.11059104382794595
part7,22,0.02010462338744105,1.056984044790877,993,0.5762812834371853,0.39371816629369455,0.9699994497308798,0.03354237480104141,0.06574305461004115
part7,23,-0.038456218972806405,1.5846868220817458,993,0.5762812834371853,0.39371816629369455,0.9699994497308798,0.05028851626521347,0.09856549187981839
part7,24,0.0035960404189303175,1.3260223483136644,993,0.5762812834371853,0.39371816629369455,0.9699994497308798,0.0420800473014651,0.0824768927108716
part7,25,-0.009262822357978102,1.3305722463305176,993,0.5762812834371853,0.39371816629369455,0.9699994497308798,0.042224433950762155,0.08275989054349382
part7,26,0.035311088897524004,0.9343576873191003,993,0.5762812834371853,0.39371816629369455,0.9699994497308798,0.02965094497002763,0.05811585214125415
part7,27,0.03033241302057776,0.9380669262636271,993,0.5762812834371853,0.39371816629369455,0.9699994497308798,0.029768654110025626,0.058346562055650225
part7,28,0.039252128703609605,0.9457660276599134,993,0.5762812834371853,0.39371816629369455,0.9699994497308798,0.030012977707849234,0.058825436307384495
part7,29,0.002295580486010632,0.16747347096999277,993,0.5762812834371853,0.39371816629369455,0.9699994497308798,0.00531460996047318,0.010416635522527432
part7,30,0.02918594269798442,1.0454216911442897,993,0.5762812834371853,0.39371816629369455,0.9699994497308798,0.03317545459869081,0.06502389101343399
part7,31,0.0036828620561852004,1.248287797096512,993,0.5762812834371853,0.39371816629369455,0.9699994497308798,0.039613215881666,0.07764190312806535
part7,32,-0.038241710462036956,1.943037050548641,993,0.5762812834371853,0.39371816629369455,0.9699994497308798,0.06166041703563005,0.12085441738983489
part7,33,-0.006427104132798122,1.332663601708459,993,0.5762812834371853,0.39371816629369455,0.9699994497308798,0.04229080110765047,0.08288997017099492
part7,34,0.002295379990624819,0.1302981694794138,993,0.5762812834371853,0.39371816629369455,0.9699994497308798,0.004134887426264615,0.008104379355478645
part7,35,0.0,0.0,993,0.5762812834371853,0.39371816629369455,0.9699994497308798,0.0,0.0
part8,0,0.021523990394022217,1.0483312651214658,993,0.5762812834371853,0.39371816629369455,0.9699994497308798,0.03326778713798955,0.06520486279045952
part8,1,-0.004651664591901165,0.5120948042825146,993,0.5762812834371853,0.39371816629369455,0.9699994497308798,0.016250837411938866,0.031851641327400176
part8,2,-0.033190076905596555,0.9588264994393677,993,0.5762812834371853,0.39371816629369455,0.9699994497308798,0.030427439252149607,0.05963778093421323
part8,3,-0.03563864240615986,1.8837239024323926,993,0.5762812834371853,0.39371816629369455,0.9699994497308798,0.05977817117340561,0.11716521549987499
part8,4,-0.027191235092518445,0.8506072168716043,993,0.5762812834371853,0.39371816629369455,0.9699994497308798,0.02699320412393071,0.05290668008290419
part8,5,0.0439709638627898,0.9402409395719734,993,0.5762812834371853,0.39371816629369455,0.9699994497308798,0.029837644337049756,0.05848178290061752
part8,6,0.009328075392752667,1.2564829906152484,993,0.5762812834371853,0.39371816629369455,0.9699994497308798,0.039873282487143384,0.07815163367480103
part8,7,-0.05847059966061637,1.5760362110234285,993,0.5762812834371853,0.39371816629369455,0.9699994497308798,0.05001399742095455,0.09802743494507091
part8,8,-0.05748376972883536,1.5700659244139799,993,0.5762812834371853,0.39371816629369455,0.9699994497308798,0.049824536102109955,0.09765609076013551
part8,9,-0.002554192343677054,1.3348823858232617,993,0.5762812834371853,0.39371816629369455,0.9699994497308798,0.04236121209327328,0.08302797570281563
part8,10,-0.050633909956835345,2.003436840113418,993,0.5762812834371853,0.39371816629369455,0.9699994497308798,0.06357714642191574,0.12461120698695485
part8,11,-0.0009072697461311262,1.3258239816829187,993,0.5762812834371853,0.39371816629369455,0.9699994497308798,0.0420737523267119,0.08246455456035533
part8,12,-0.006712791474872249,1.3328941955879179,993,0.5762812834371853,0.39371816629369455,0.9699994497308798,0.042298118783229165,0.08290431281512917
part8,13,0.041771443240661475,0.9431331964193648,993,0.5762812834371853,0.39371816629369455,0.9699994497308798,0.02992942733384539,0.05866167757433696
part8,14,-0.02608693851066213,1.9517842217976775,993,0.5762812834371853,0.39371816629369455,0.9699994497308798,0.061938000124920796,0.12139848024484476
part8,15,-0.002712768606612171,0.8573245267501415,993,0.5762812834371853,0.39371816629369455,0.9699994497308798,0.02720637150967418,0.053324488158961396
part8,16,0.025605050944705,0.2008273563349797,993,0.5762812834371853,0.39371816629369455,0.9699994497308798,0.006373063519443134,0.012491204498108543
part8,17,0.016918862062047367,1.5804174543733935,993,0.5762812834371853,0.39371816629369455,0.9699994497308798,0.050153031976171665,0.09829994267329646
part8,18,0.011423510734865323,1.191485547573249,993,0.5762812834371853,0.39371816629369455,0.9699994497308798,0.03781065097783292,0.07410887591655252
part8,19,-0.006841970328163935,1.2815017815795164,993,0.5762812834371853,0.39371816629369455,0.9699994497308798,0.04066722982033934,0.0797077704478651
part8,20,0.0018212060452977006,0.9730807207462272,993,0.5762812834371853,0.39371816629369455,0.9699994497308798,0.030879783292656168,0.060524375253606086
part8,21,0.05210290564051637,0.9372544249503639,993,0.5762812834371853,0.39371816629369455,0.9699994497308798,0.02974287016020148,0.058296025513994904
part8,22,0.003809949270731283,1.7640719513667975,993,0.5762812834371853,0.39371816629369455,0.9699994497308798,0.05598113127663772,0.10972301730220993
part8,23,0.0019072902027032046,1.3309739986755122,993,0.5762812834371853,0.39371816629369455,0.9699994497308798,0.04223718317606921,0.08278487902509565
part8,24,0.018882090696986823,1.0437531487313452,993,0.5762812834371853,0.39371816629369455,0.9699994497308798,0.03312250500568395,0.06492010981114055
part8,25,0.015656275936854255,1.0400903027197899,993,0.5762812834371853,0.39371816629369455,0.9699994497308798,0.03300626810091365,0.06469228547779075
part8,26,-0.011231338025723897,1.762421157985536,993,0.5762812834371853,0.39371816629369455,0.9699994497308798,0.05592874493212643,0.10962034006696779
part8,27,-0.009026370296009032,0.48264865003098706,993,0.5762812834371853,0.39371816629369455,0.9699994497308798,0.01531639195155405,0.030020128225045937
part8,28,0.005473227241461497,0.17597132917541983,993,0.5762812834371853,0.39371816629369455,0.9699994497308798,0.005584281339466355,0.010945191425354056
part8,29,0.009491711248681197,0.1726020922831652,993,0.5762812834371853,0.39371816629369455,0.9699994497308798,0.00547736183846683,0.010735629203394987
part8,30,-0.0037493849866879654,1.331514140033252,993,0.5762812834371853,0.39371816629369455,0.9699994497308798,0.04225432404395283,0.08281847512614754
part8,31,0.005543147418262349,0.14933329589945724,993,0.5762812834371853,0.39371816629369455,0.9699994497308798,0.004738948904687996,0.009288339853188473
part8,32,0.013010328770038018,1.0517458536246616,993,0.5762812834371853,0.39371816629369455,0.9699994497308798,0.033376145828860976,0.06541724582456751
part8,33,0.02009916775427032,1.0475154676323064,993,0.5762812834371853,0.39371816629369455,0.9699994497308798,0.033241898587185036,0.06515412123088267
part8,34,0.00017047936792940652,0.1820022393461298,993,0.5762812834371853,0.39371816629369455,0.9699994497308798,0.005775666488877376,0.011320306318199656
part8,35,0.0,0.0,993,0.5762812834371853,0.39371816629369455,0.9699994497308798,0.0,0.0
part9,0,0.016065180963464605,1.0485247384313074,993,0.5762812834371853,0.39371816629369455,0.9699994497308798,0.03327392682789754,0.06521689658267918
part9,1,0.023510911072642728,1.0488020562180997,993,0.5762812834371853,0.39371816629369455,0.9699994497308798,0.03328272724185783,0.06523414539404135
part9,2,-0.02408342744726572,0.8358325315173706,993,0.5762812834371853,0.39371816629369455,0.9699994497308798,0.026524343656110484,0.05198771356597655
part9,3,-0.027106796645976882,0.9845387767699545,993,0.5762812834371853,0.39371816629369455,0.9699994497308798,0.03124339370998771,0.06123705167157591
part9,4,-0.002708051080479351,0.5102265243457325,993,0.5762812834371853,0.39371816629369455,0.9699994497308798,0.0161915493402015,0.031735436706794934
part9,5,-0.010043476908557262,1.3369535538748778,993,0.5762812834371853,0.39371816629369455,0.9699994497308798,0.042426938624724374,0.08315679970445977
part9,6,0.0284831460894693,1.0610437572255274,993,0.5762812834371853,0.39371816629369455,0.9699994497308798,0.03367120588107387,0.06599556352690478
part9,7,0.008340288511393942,0.1616565976388663,993,0.5762812834371853,0.39371816629369455,0.9699994497308798,0.005130017064861943,0.010054833447129407
part9,8,0.015391633774265522,0.21918680918055106,993,0.5762812834371853,0.39371816629369455,0.9699994497308798,0.0069556831450875685,0.013633138964371634
part9,9,0.026640595255145498,1.0431169461908543,993,0.5762812834371853,0.39371816629369455,0.9699994497308798,0.033102315728307734,0.06488053882748315
part9,10,-0.014028857777975134,1.827590884541583,993,0.5762812834371853,0.39371816629369455,0.9699994497308798,0.05799684369350063,0.11367381363926124
part9,11,-0.007062436084617769,1.3327961267085107,993,0.5762812834371853,0.39371816629369455,0.9699994497308798,0.042295006661408965,0.08289821305636157
part9,12,-0.004933605720279464,1.7637401222439972,993,0.5762812834371853,0.39371816629369455,0.9699994497308798,0.05597060099771656,0.10970237795552445
part9,13,-0.02553648958336356,1.9523301268516,993,0.5762812834371853,0.39371816629369455,0.9699994497308798,0.06195532389817423,0.12143243484042149
part9,14,-0.04539664908447296,1.9971227662377224,993,0.5762812834371853,0.39371816629369455,0.9699994497308798,0.06337677534393797,0.12421847967411842
part9,15,0.015900780907579865,1.7739539783677332,993,0.5762812834371853,0.39371816629369455,0.9699994497308798,0.05629472792465995,0.1103376667323335
part9,16,0.08054281370756788,1.1621896993985878,993,0.5762812834371853,0.39371816629369455,0.9699994497308798,0.036880975336623684,0.07228671165978241
part9,17,0.09597346107179447,1.1518729725733567,993,0.5762812834371853,0.39371816629369455,0.9699994497308798,0.03655358390664205,0.07164502445701841
part9,18,0.10654683800432019,1.0644387704075864,993,0.5762812834371853,0.39371816629369455,0.9699994497308798,0.03377894336790569,0.06620672900109516
part9,19,0.05089631370240057,1.3441259058199289,993,0.5762812834371853,0.39371816629369455,0.9699994497308798,0.04265454633397175,0.08360291081458462
part9,20,0.015037981465975628,1.5027421127188543,993,0.5762812834371853,0.39371816629369455,0.9699994497308798,0.047688079515048214,0.0934686358494945
part9,21,0.04493094223732854,1.0825451022910346,993,0.5762812834371853,0.39371816629369455,0.9699994497308798,0.03435353044261109,0.06733291966751773
part9,22,0.07489699691862196,1.0476949862076481,993,0.5762812834371853,0.39371816629369455,0.9699994497308798,0.03324759543697907,0.06516528705647898
part9,23,0.05421918968720771,1.0656577535126708,993,0.5762812834371853,0.39371816629369455,0.9699994497308798,0.03381762662749545,0.06628254818989107
part9,24,-0.0012572237223058853,1.9551071610956376,993,0.5762812834371853,0.39371816629369455,0.9699994497308798,0.062043450416174095,0.12160516281570122
part9,25,0.024007276620234316,1.2588244253331418,993,0.5762812834371853,0.39371816629369455,0.9699994497308798,0.039947585672008665,0.07829726791713698
part9,26,0.008786384006747546,1.7587653831218768,993,0.5762812834371853,0.39371816629369455,0.9699994497308798,0.05581273242345196,0.10939295554996584
part9,27,-0.012252786654842624,1.8273831574403927,993,0.5762812834371853,0.39371816629369455,0.9699994497308798,0.05799025167319645,0.11366089327946503
part9,28,0.011227439727679546,1.3482227023434334,993,0.5762812834371853,0.39371816629369455,0.9699994497308798,0.0427845542419929,0.08385772631430609
part9,29,0.039895213325683104,0.9358890325372774,993,0.5762812834371853,0.39371816629369455,0.9699994497308798,0.029699540741658263,0.058211099853650194
part9,30,-0.032310770271584154,1.943774558136425,993,0.5762812834371853,0.39371816629369455,0.9699994497308798,0.06168382113151019,0.12090028941775997
part9,31,0.012279803368777185,0.19528432179402003,993,0.5762812834371853,0.39371816629369455,0.9699994497308798,0.006197160635171335,0.012146434844935817
part9,32,0.03994468339323999,0.9316144016351097,993,0.5762812834371853,0.39371816629369455,0.9699994497308798,0.029563889430209194,0.05794522328321002
part9,33,-0.01780597649542975,0.8382464342469396,993,0.5762812834371853,0.39371816629369455,0.9699994497308798,0.026600946543814886,0.052137855225877175
part9,34,0.01085796320013391,0.2154696100906741,993,0.5762812834371853,0.39371816629369455,0.9699994497308798,0.006837721397512268,0.013401933939124044
part9,35,0.0,0.0,993,0.5762812834371853,0.39371816629369455,0.9699994497308798,0.0,0.0
text,0,-0.037474854457860224,1.943852313949432,993,0.5762812834371853,0.39371816629369455,0.9699994497308798,0.0616862886376525,0.12090512572979889
text,1,0.013916192991496268,1.0809443640257481,993,0.5762812834371853,0.39371816629369455,0.9699994497308798,0.03430273254919233,0.06723335579641697
text,2,0.006320449995162462,1.2489869720608182,993,0.5762812834371853,0.39371816629369455,0.9699994497308798,0.039635403528508764,0.07768539091587717
text,3,-0.016001080377306055,1.3473727342603234,993,0.5762812834371853,0.39371816629369455,0.9699994497308798,0.042757581320165834,0.08380485938752504
text,4,-0.04946582178915993,1.9315205391999115,993,0.5762812834371853,0.39371816629369455,0.9699994497308798,0.06129495159462999,0.12013810512547478
text,5,0.006564819499204581,1.254520559352181,993,0.5762812834371853,0.39371816629369455,0.9699994497308798,0.03981100661337643,0.0780295729622178
text,6,-0.10360591122428815,2.376397850313085,993,0.5762812834371853,0.39371816629369455,0.9699994497308798,0.07541270633594202,0.14780890441844635
text,7,-0.14902481488022026,3.6751881073579176,993,0.5762812834371853,0.39371816629369455,0.9699994497308798,0.11662856934204621,0.22859199591041057
text,8,-0.08865083962335368,3.7212603997490574,993,0.5762812834371853,0.39371816629369455,0.9699994497308798,0.11809062934847944,0.2314576335230197
text,9,-0.0319177279145402,4.319184094265232,993,0.5762812834371853,0.39371816629369455,0.9699994497308798,0.13706516426480633,0.2686477219590204
text,10,0.10565431970312783,4.3494921019169945,993,0.5762812834371853,0.39371816629369455,0.9699994497308798,0.13802695981615676,0.27053284123966725
text,11,0.25665127784950703,4.2898595773758315,993,0.5762812834371853,0.39371816629369455,0.9699994497308798,0.13613457884943392,0.2668237745448905
text,12,0.44470528982950214,2.345001686929597,993,0.5762812834371853,0.39371816629369455,0.9699994497308798,0.0744163792062056,0.14585610324416298
text,13,0.6795651520516992,2.8821810944592046,993,0.5762812834371853,0.39371816629369455,0.9699994497308798,0.09146325244100864,0.17926797478437692
text,14,0.9017149820155638,1.6815897984349408,993,0.5762812834371853,0.39371816629369455,0.9699994497308798,0.05336363927032789,0.10459273296984266
text,15,0.8705518555016071,1.776854242976204,993,0.5762812834371853,0.39371816629369455,0.9699994497308798,0.05638676504007239,0.11051805947854187
text,16,0.9380578134816363,1.6508611694370714,993,0.5762812834371853,0.39371816629369455,0.9699994497308798,0.05238849570401927,0.10268145157987776
text,17,0.8803247495050383,1.0377419068234044,993,0.5762812834371853,0.39371816629369455,0.9699994497308798,0.032931744009726094,0.06454621825906315
text,18,0.9048940219248188,1.787995994161059,993,0.5762812834371853,0.39371816629369455,0.9699994497308798,0.05674033782674231,0.11121106214041493
text,19,0.9600721585932709,1.6743089931103197,993,0.5762812834371853,0.39371816629369455,0.9699994497308798,0.053132589897108465,0.10413987619833259
text,20,0.9584500371920157,2.5733442936682174,993,0.5762812834371853,0.39371816629369455,0.9699994497308798,0.0816626128045462,0.16005872109691055
text,21,0.9674862485189023,1.295066848859671,993,0.5762812834371853,0.39371816629369455,0.9699994497308798,0.04109770421884581,0.08055150026893779
text,22,0.9421648717262506,1.6376409325630796,993,0.5762812834371853,0.39371816629369455,0.9699994497308798,0.051968964167690625,0.10185916976867362
text,23,0.9984971117977018,1.3932355687893998,993,0.5762812834371853,0.39371816629369455,0.9699994497308798,0.04421299438225873,0.0866574689892271
text,24,1.0065299195615283,1.2915892456243754,993,0.5762812834371853,0.39371816629369455,0.9699994497308798,0.040987345815895,0.0803351977991542
text,25,1.0046295764894388,1.3323913186403604,993,0.5762812834371853,0.39371816629369455,0.9699994497308798,0.042282160465658615,0.08287303451269089
text,26,1.0042298884979113,1.3649016585987177,993,0.5762812834371853,0.39371816629369455,0.9699994497308798,0.04331384492027897,0.08489513604374678
text,27,0.9526933948954535,0.8883803676654854,993,0.5762812834371853,0.39371816629369455,0.9699994497308798,0.02819189883232178,0.05525612171135069
text,28,0.991319344214622,1.5594910360965903,993,0.5762812834371853,0.39371816629369455,0.9699994497308798,0.04948895216480349,0.09699834624301484
text,29,0.9873260869152377,0.27319199371918734,993,0.5762812834371853,0.39371816629369455,0.9699994497308798,0.008669485874581693,0.01699219231418012
text,30,1.022548470208079,1.3033488450054138,993,0.5762812834371853,0.39371816629369455,0.9699994497308798,0.04136052542243005,0.0810666298279629
text,31,1.0190691345870513,1.3684438461251864,993,0.5762812834371853,0.39371816629369455,0.9699994497308798,0.043426252843760824,0.08511545557377122
text,32,1.0355856243205193,1.2778694163853985,993,0.5762812834371853,0.39371816629369455,0.9699994497308798,0.04055196019507317,0.07948184198234341
text,33,1.0283762753201289,1.3029118039588803,993,0.5762812834371853,0.39371816629369455,0.9699994497308798,0.04134665634402862,0.0810394464342961
text,34,1.0410378541849903,1.2756082599650755,993,0.5762812834371853,0.39371816629369455,0.9699994497308798,0.040480204564978244,0.07934120094735736
text,35,1.0,0.0,993,0.5762812834371853,0.39371816629369455,0.9699994497308798,0.0,0.0
