intervention_token_type,belief_shift_mean_across_layers,belief_shift_std_across_layers,count,before_probability_mean_across_layers,after_probability_mean_across_layers,before_after_probability_mass_mean_across_layers,belief_shift_sem_across_layers,belief_shift_ci95_across_layers
audio,0.5402183286807489,0.5076554323446504,48000,0.5407170491218567,0.451481429643929,0.9921984787657857,0.0023171194311266893,0.004541554085008311
text,0.4300157005535464,0.48901947110611327,48000,0.5407170491218567,0.451481429643929,0.9921984787657857,0.0022320582948672004,0.004374834257939712
events,0.12980326268754444,0.27767397648816505,48000,0.5407170491218567,0.451481429643929,0.9921984787657857,0.001267402504622726,0.0024841089090605426
control,0.001471715131760818,0.1482882483172844,48000,0.5407170491218567,0.451481429643929,0.9921984787657857,0.000676840155135868,0.0013266067040663013
part1,0.0020129872377556966,0.12109911670840744,48000,0.5407170491218567,0.451481429643929,0.9921984787657857,0.000552739315959546,0.0010833690592807102
part2,0.007127940972205013,0.1281736726188695,48000,0.5407170491218567,0.451481429643929,0.9921984787657857,0.0005850300980969757,0.0011466589922700724
part3,0.003823976781064434,0.1126036909159423,48000,0.5407170491218567,0.451481429643929,0.9921984787657857,0.0005139631797750096,0.0010073678323590188
part4,0.001566199049472764,0.12736450442580316,48000,0.5407170491218567,0.451481429643929,0.9921984787657857,0.000581336767495658,0.0011394200642914896
part5,0.002252646852950024,0.12374584219878403,48000,0.5407170491218567,0.451481429643929,0.9921984787657857,0.0005648199097479057,0.0011070470231058951
part6,0.0026875013223257357,0.11902552251147115,48000,0.5407170491218567,0.451481429643929,0.9921984787657857,0.0005432746966530975,0.001064818405440071
part7,0.03160069266546379,0.17622426199933947,48000,0.5407170491218567,0.451481429643929,0.9921984787657857,0.0008043500289728222,0.0015765260567867315
part8,0.005422109086346895,0.12094261584536609,48000,0.5407170491218567,0.451481429643929,0.9921984787657857,0.0005520249905182395,0.0010819689814157494
part9,0.012267948232366125,0.1284363279847528,48000,0.5407170491218567,0.451481429643929,0.9921984787657857,0.0005862289503365095,0.0011490087426595586
part10,0.04886040262655556,0.16949613665510965,48000,0.5407170491218567,0.451481429643929,0.9921984787657857,0.0007736404787998482,0.0015163353384477025
part11,0.24926105344294586,0.42097657626155327,48000,0.5407170491218567,0.451481429643929,0.9921984787657857,0.0019214863916645545,0.0037661133276625266
