category,category_label,id,name,duration,username,license,url,local_file,search_query
home_living_bedroom,Home—living/bedroom,452506,"Home Depot ambience large hardware store quebecois voices activity +chiselling machine hum and off Montreal, Canada.flac",247.868,kyles,http://creativecommons.org/publicdomain/zero/1.0/,https://freesound.org/people/kyles/sounds/452506/,home_living_bedroom/452506_Home_Depot_ambience_large_hardware_store_quebecois_voices_activity_chiselling_machine_hum_and_off_Mo.flac,home ambience
home_living_bedroom,Home—living/bedroom,792228,AMBHome-Tascam X6_Experience the warmth and gentle rhythm of_TheFieldRecordist - RNajmeddine_Ramadan Kitchen_20250306,358.0,TheFieldRecordist,https://creativecommons.org/licenses/by/4.0/,https://freesound.org/people/TheFieldRecordist/sounds/792228/,home_living_bedroom/792228_AMBHome-Tascam_X6_Experience_the_warmth_and_gentle_rhythm_of_TheFieldRecordist_-_RNajmeddine_Ramadan.wav,home ambience
home_living_bedroom,Home—living/bedroom,376466,Red Xao Homestay Ambience,137.108,Veridiansunrise,http://creativecommons.org/publicdomain/zero/1.0/,https://freesound.org/people/Veridiansunrise/sounds/376466/,home_living_bedroom/376466_Red_Xao_Homestay_Ambience.wav,home ambience
home_living_bedroom,Home—living/bedroom,339070,street soundscape berlin; going home from the supermarket,201.33,mirko111,http://creativecommons.org/publicdomain/zero/1.0/,https://freesound.org/people/mirko111/sounds/339070/,home_living_bedroom/339070_street_soundscape_berlin_going_home_from_the_supermarket.wav,home ambience
home_living_bedroom,Home—living/bedroom,780515,AMBRoom_empty home kitchen room tone with a working refrigerator switching off in the middle,356.561,pryanic,http://creativecommons.org/publicdomain/zero/1.0/,https://freesound.org/people/pryanic/sounds/780515/,home_living_bedroom/780515_AMBRoom_empty_home_kitchen_room_tone_with_a_working_refrigerator_switching_off_in_the_middle.wav,home ambience
home_living_bedroom,Home—living/bedroom,516890,Suburban Morning Ambience Atmosphere,119.0,JaimeLopes,https://creativecommons.org/licenses/by/4.0/,https://freesound.org/people/JaimeLopes/sounds/516890/,home_living_bedroom/516890_Suburban_Morning_Ambience_Atmosphere.wav,home ambience
home_living_bedroom,Home—living/bedroom,325626,Ambience in the kitchen,123.99,140178sound,http://creativecommons.org/licenses/by-nc/3.0/,https://freesound.org/people/140178sound/sounds/325626/,home_living_bedroom/325626_Ambience_in_the_kitchen.wav,home ambience
home_living_bedroom,Home—living/bedroom,568023,abyss_ ambience1.wav,75.8267,krotlitn,http://creativecommons.org/publicdomain/zero/1.0/,https://freesound.org/people/krotlitn/sounds/568023/,home_living_bedroom/568023_abyss__ambience1.wav.wav,home ambience
home_living_bedroom,Home—living/bedroom,760167,AMB Study Area Room Tone,187.0,LanceNicholls,https://creativecommons.org/licenses/by-nc/4.0/,https://freesound.org/people/LanceNicholls/sounds/760167/,home_living_bedroom/760167_AMB_Study_Area_Room_Tone.wav,home ambience
home_living_bedroom,Home—living/bedroom,403121,fireworks - distance new year atmosphere / home - chat on CPU,545.036,jarokoco,https://creativecommons.org/licenses/by/4.0/,https://freesound.org/people/jarokoco/sounds/403121/,home_living_bedroom/403121_fireworks_-_distance_new_year_atmosphere_home_-_chat_on_CPU.wav,home ambience
home_living_bedroom,Home—living/bedroom,502692,Indoors_Day_Rainy_01.wav,120.0,MrFossy,http://creativecommons.org/publicdomain/zero/1.0/,https://freesound.org/people/MrFossy/sounds/502692/,home_living_bedroom/502692_Indoors_Day_Rainy_01.wav.wav,home ambience
home_living_bedroom,Home—living/bedroom,366527,Apartment night ambience,193.268,DineoMichelle,http://creativecommons.org/licenses/by-nc/3.0/,https://freesound.org/people/DineoMichelle/sounds/366527/,home_living_bedroom/366527_Apartment_night_ambience.wav,home ambience
home_living_bedroom,Home—living/bedroom,799197,AMBHome_Kitchen.The Old Apartment.Wall Clock.Ventilation Noise.Birds On The Street_EM,77.2703,newlocknew,https://creativecommons.org/licenses/by/4.0/,https://freesound.org/people/newlocknew/sounds/799197/,home_living_bedroom/799197_AMBHome_Kitchen.The_Old_Apartment.Wall_Clock.Ventilation_Noise.Birds_On_The_Street_EM.wav,home ambience
home_living_bedroom,Home—living/bedroom,669734,Jardín de una casa en la Huasteca/ Garden of a house in the Huasteca.wav,70.7556,SergioJbs,http://creativecommons.org/publicdomain/zero/1.0/,https://freesound.org/people/SergioJbs/sounds/669734/,home_living_bedroom/669734_Jard_n_de_una_casa_en_la_Huasteca_Garden_of_a_house_in_the_Huasteca.wav.wav,home ambience
home_living_bedroom,Home—living/bedroom,699142,Night_Crickets_Wind suburban adelaide.wav,86.4339,roisin.gleeson,http://creativecommons.org/publicdomain/zero/1.0/,https://freesound.org/people/roisin.gleeson/sounds/699142/,home_living_bedroom/699142_Night_Crickets_Wind_suburban_adelaide.wav.wav,home ambience
home_living_bedroom,Home—living/bedroom,735404,RAINInt_Drops Of Rain Drum On The Windowsill 1_EM,77.2317,newlocknew,https://creativecommons.org/licenses/by-nc/4.0/,https://freesound.org/people/newlocknew/sounds/735404/,home_living_bedroom/735404_RAINInt_Drops_Of_Rain_Drum_On_The_Windowsill_1_EM.wav,home ambience
home_living_bedroom,Home—living/bedroom,509119,ocean drift.mp3,130.241,Dahakot,http://creativecommons.org/licenses/by-nc/3.0/,https://freesound.org/people/Dahakot/sounds/509119/,home_living_bedroom/509119_ocean_drift.mp3.mp3,home ambience
home_living_bedroom,Home—living/bedroom,274675,shower part1.wav,74.04,arnaud coutancier,http://creativecommons.org/licenses/by-nc/3.0/,https://freesound.org/people/arnaud%20coutancier/sounds/274675/,home_living_bedroom/274675_shower_part1.wav.wav,home ambience
home_living_bedroom,Home—living/bedroom,241441,Ocean Drift,130.241,FoolBoyMedia,https://creativecommons.org/licenses/by-nc/4.0/,https://freesound.org/people/FoolBoyMedia/sounds/241441/,home_living_bedroom/241441_Ocean_Drift.wav,home ambience
home_living_bedroom,Home—living/bedroom,171740,room-tone quiet 01 121129_01.wav,153.436,klankbeeld,https://creativecommons.org/licenses/by/4.0/,https://freesound.org/people/klankbeeld/sounds/171740/,home_living_bedroom/171740_room-tone_quiet_01_121129_01.wav.wav,home ambience
kitchen_dining,Kitchen/dining,511693,kitchen ambience.wav,77.1787,jerry.berumen,http://creativecommons.org/publicdomain/zero/1.0/,https://freesound.org/people/jerry.berumen/sounds/511693/,kitchen_dining/511693_kitchen_ambience.wav.wav,kitchen ambience
kitchen_dining,Kitchen/dining,845589,"Tchibo Coffee Maker – Room Ambience & Kitchen Spatial Bloom (LCT 040 XY, 192 kHz) - 240220_008",258.768,TSP-Talk,http://creativecommons.org/publicdomain/zero/1.0/,https://freesound.org/people/TSP-Talk/sounds/845589/,kitchen_dining/845589_Tchibo_Coffee_Maker_Room_Ambience_Kitchen_Spatial_Bloom_LCT_040_XY_192_kHz_-_240220_008.wav,kitchen ambience
kitchen_dining,Kitchen/dining,205614,Kitchen and Outside Ambience 01,259.547,missionariojose,https://creativecommons.org/licenses/by/4.0/,https://freesound.org/people/missionariojose/sounds/205614/,kitchen_dining/205614_Kitchen_and_Outside_Ambience_01.wav,kitchen ambience
kitchen_dining,Kitchen/dining,565534,Room tone steady AC soft fridge medium sound room kitchen ambience edlarez vsnr.wav,65.568,visionear,http://creativecommons.org/publicdomain/zero/1.0/,https://freesound.org/people/visionear/sounds/565534/,kitchen_dining/565534_Room_tone_steady_AC_soft_fridge_medium_sound_room_kitchen_ambience_edlarez_vsnr.wav.wav,kitchen ambience
kitchen_dining,Kitchen/dining,530620,"Kitchen Roomtone, A",300.0,Moulaythami,https://creativecommons.org/licenses/by/4.0/,https://freesound.org/people/Moulaythami/sounds/530620/,kitchen_dining/530620_Kitchen_Roomtone_A.wav,kitchen ambience
kitchen_dining,Kitchen/dining,459843,Apartment kitchen ambience,429.327,AlexLane,http://creativecommons.org/publicdomain/zero/1.0/,https://freesound.org/people/AlexLane/sounds/459843/,kitchen_dining/459843_Apartment_kitchen_ambience.wav,kitchen ambience
kitchen_dining,Kitchen/dining,366589,Suburban Kitchen Ambience.wav,132.113,ksesoko,http://creativecommons.org/licenses/by-nc/3.0/,https://freesound.org/people/ksesoko/sounds/366589/,kitchen_dining/366589_Suburban_Kitchen_Ambience.wav.wav,kitchen ambience
kitchen_dining,Kitchen/dining,325626,Ambience in the kitchen,123.99,140178sound,http://creativecommons.org/licenses/by-nc/3.0/,https://freesound.org/people/140178sound/sounds/325626/,home_living_bedroom/325626_Ambience_in_the_kitchen.wav,kitchen ambience
kitchen_dining,Kitchen/dining,608870,Silent Kitchen Ambience.wav,64.6444,SamontBlack,http://creativecommons.org/licenses/by/3.0/,https://freesound.org/people/SamontBlack/sounds/608870/,kitchen_dining/608870_Silent_Kitchen_Ambience.wav.wav,kitchen ambience
kitchen_dining,Kitchen/dining,178506,woman_cooking_rural_kitchen.aiff,182.416,patobottos,http://creativecommons.org/publicdomain/zero/1.0/,https://freesound.org/people/patobottos/sounds/178506/,kitchen_dining/178506_woman_cooking_rural_kitchen.aiff.aiff,kitchen ambience
kitchen_dining,Kitchen/dining,353623,AMB_Kitchen_Fridge.wav,109.048,zazz.sound.design,http://creativecommons.org/publicdomain/zero/1.0/,https://freesound.org/people/zazz.sound.design/sounds/353623/,kitchen_dining/353623_AMB_Kitchen_Fridge.wav.wav,kitchen ambience
kitchen_dining,Kitchen/dining,138064,steaming_water_ambience.wav,116.517,daboy291,http://creativecommons.org/publicdomain/zero/1.0/,https://freesound.org/people/daboy291/sounds/138064/,kitchen_dining/138064_steaming_water_ambience.wav.wav,kitchen ambience
kitchen_dining,Kitchen/dining,440717,A clock and a fridge in a kitchen at night,327.0,Diegolar,https://creativecommons.org/licenses/by/4.0/,https://freesound.org/people/Diegolar/sounds/440717/,kitchen_dining/440717_A_clock_and_a_fridge_in_a_kitchen_at_night.wav,kitchen ambience
kitchen_dining,Kitchen/dining,345711,Kitchen Sounds - Clattering and Soup in the microwave.wav,130.113,Psykophobia,http://creativecommons.org/publicdomain/zero/1.0/,https://freesound.org/people/Psykophobia/sounds/345711/,kitchen_dining/345711_Kitchen_Sounds_-_Clattering_and_Soup_in_the_microwave.wav.wav,kitchen ambience
kitchen_dining,Kitchen/dining,792228,AMBHome-Tascam X6_Experience the warmth and gentle rhythm of_TheFieldRecordist - RNajmeddine_Ramadan Kitchen_20250306,358.0,TheFieldRecordist,https://creativecommons.org/licenses/by/4.0/,https://freesound.org/people/TheFieldRecordist/sounds/792228/,home_living_bedroom/792228_AMBHome-Tascam_X6_Experience_the_warmth_and_gentle_rhythm_of_TheFieldRecordist_-_RNajmeddine_Ramadan.wav,kitchen ambience
kitchen_dining,Kitchen/dining,325671,Kitchen ambiance ,131.83,Hourofmidnight,http://creativecommons.org/licenses/by-nc/3.0/,https://freesound.org/people/Hourofmidnight/sounds/325671/,kitchen_dining/325671_Kitchen_ambiance.wav,kitchen ambience
kitchen_dining,Kitchen/dining,445094,Coffeehouse Ambience,120.367,mars_98,https://creativecommons.org/licenses/by/4.0/,https://freesound.org/people/mars_98/sounds/445094/,kitchen_dining/445094_Coffeehouse_Ambience.wav,kitchen ambience
kitchen_dining,Kitchen/dining,786720,Algorithm from the kitchen (strange),240.0,xkeril,http://creativecommons.org/publicdomain/zero/1.0/,https://freesound.org/people/xkeril/sounds/786720/,kitchen_dining/786720_Algorithm_from_the_kitchen_strange.wav,kitchen ambience
kitchen_dining,Kitchen/dining,326181,Restaurant Ambience.wav,92.7462,lizellekleynhans,https://creativecommons.org/licenses/by-nc/4.0/,https://freesound.org/people/lizellekleynhans/sounds/326181/,kitchen_dining/326181_Restaurant_Ambience.wav.wav,kitchen ambience
kitchen_dining,Kitchen/dining,110136,Kitchen ambience.wav,88.0671,Ryding,http://creativecommons.org/publicdomain/zero/1.0/,https://freesound.org/people/Ryding/sounds/110136/,kitchen_dining/110136_Kitchen_ambience.wav.wav,kitchen ambience
bathroom_laundry,Bathroom/laundry,383789,Mens Outdoor Bathroom Ambience,157.25,deleted_user_7146007,http://creativecommons.org/publicdomain/zero/1.0/,https://freesound.org/people/deleted_user_7146007/sounds/383789/,bathroom_laundry/383789_Mens_Outdoor_Bathroom_Ambience.wav,bathroom ambience
bathroom_laundry,Bathroom/laundry,594243,Bathroom Ambience.wav,121.623,CS.25Strijdom.,http://creativecommons.org/licenses/by-nc/3.0/,https://freesound.org/people/CS.25Strijdom./sounds/594243/,bathroom_laundry/594243_Bathroom_Ambience.wav.wav,bathroom ambience
bathroom_laundry,Bathroom/laundry,655425,Bathroom Ambience.wav,237.987,ConnorTim,https://creativecommons.org/licenses/by-nc/4.0/,https://freesound.org/people/ConnorTim/sounds/655425/,bathroom_laundry/655425_Bathroom_Ambience.wav.wav,bathroom ambience
bathroom_laundry,Bathroom/laundry,197147,bathroom ambience .wav,435.052,Yuval,http://creativecommons.org/publicdomain/zero/1.0/,https://freesound.org/people/Yuval/sounds/197147/,bathroom_laundry/197147_bathroom_ambience_.wav.wav,bathroom ambience
bathroom_laundry,Bathroom/laundry,767306,AMBRoom-Int_Public Bathroom Ambience_HvD_OwSFX_Loop,132.963,Hano_van_Dalen,http://creativecommons.org/publicdomain/zero/1.0/,https://freesound.org/people/Hano_van_Dalen/sounds/767306/,bathroom_laundry/767306_AMBRoom-Int_Public_Bathroom_Ambience_HvD_OwSFX_Loop.wav,bathroom ambience
bathroom_laundry,Bathroom/laundry,372566,Ambience: Bathroom Boiler,295.665,Sheyvan,http://creativecommons.org/publicdomain/zero/1.0/,https://freesound.org/people/Sheyvan/sounds/372566/,bathroom_laundry/372566_Ambience_Bathroom_Boiler.wav,bathroom ambience
bathroom_laundry,Bathroom/laundry,708055,Bathroom Amb,120.0,whi1ter1ce,http://creativecommons.org/publicdomain/zero/1.0/,https://freesound.org/people/whi1ter1ce/sounds/708055/,bathroom_laundry/708055_Bathroom_Amb.wav,bathroom ambience
bathroom_laundry,Bathroom/laundry,404373,Empty girls bathroom Arcade Empire,124.33,EskimoNeil,http://creativecommons.org/licenses/by-nc/3.0/,https://freesound.org/people/EskimoNeil/sounds/404373/,bathroom_laundry/404373_Empty_girls_bathroom_Arcade_Empire.wav,bathroom ambience
bathroom_laundry,Bathroom/laundry,84946,Bathroom.aif,105.02,amszala,http://creativecommons.org/licenses/sampling+/1.0/,https://freesound.org/people/amszala/sounds/84946/,bathroom_laundry/84946_Bathroom.aif.aiff,bathroom ambience
bathroom_laundry,Bathroom/laundry,764595,Bathroom Tone,177.0,VanessaRiddle,https://creativecommons.org/licenses/by-nc/4.0/,https://freesound.org/people/VanessaRiddle/sounds/764595/,bathroom_laundry/764595_Bathroom_Tone.wav,bathroom ambience
bathroom_laundry,Bathroom/laundry,568023,abyss_ ambience1.wav,75.8267,krotlitn,http://creativecommons.org/publicdomain/zero/1.0/,https://freesound.org/people/krotlitn/sounds/568023/,home_living_bedroom/568023_abyss__ambience1.wav.wav,bathroom ambience
bathroom_laundry,Bathroom/laundry,707550,Outside Bathroom ambience.wav,242.506,LiezelDippenaar,http://creativecommons.org/publicdomain/zero/1.0/,https://freesound.org/people/LiezelDippenaar/sounds/707550/,bathroom_laundry/707550_Outside_Bathroom_ambience.wav.wav,bathroom ambience
bathroom_laundry,Bathroom/laundry,492968,public bathroom ambience .wav,64.0,_Sounds4U_,http://creativecommons.org/licenses/by/3.0/,https://freesound.org/people/_Sounds4U_/sounds/492968/,bathroom_laundry/492968_public_bathroom_ambience_.wav.wav,bathroom ambience
bathroom_laundry,Bathroom/laundry,383411,MS_Bathroom_tsaritsyno_roomtone.WAV,84.5206,softwalls,http://creativecommons.org/publicdomain/zero/1.0/,https://freesound.org/people/softwalls/sounds/383411/,bathroom_laundry/383411_MS_Bathroom_tsaritsyno_roomtone.WAV.wav,bathroom ambience
bathroom_laundry,Bathroom/laundry,505243,A int meluzina v koupelne wind.aiff,283.191,robertslezak,http://creativecommons.org/publicdomain/zero/1.0/,https://freesound.org/people/robertslezak/sounds/505243/,bathroom_laundry/505243_A_int_meluzina_v_koupelne_wind.aiff.aiff,bathroom ambience
bathroom_laundry,Bathroom/laundry,756275,240817_2817_FR_Campsite_shared_bathroom_atmosphere,531.703,kevp888,https://creativecommons.org/licenses/by/4.0/,https://freesound.org/people/kevp888/sounds/756275/,bathroom_laundry/756275_240817_2817_FR_Campsite_shared_bathroom_atmosphere.wav,bathroom ambience
bathroom_laundry,Bathroom/laundry,488749,bathroom room tone with vent D100 ORTF.wav,76.6851,Archos,http://creativecommons.org/publicdomain/zero/1.0/,https://freesound.org/people/Archos/sounds/488749/,bathroom_laundry/488749_bathroom_room_tone_with_vent_D100_ORTF.wav.wav,bathroom ambience
bathroom_laundry,Bathroom/laundry,367149,Shower ambience.wav,134.37,jrhodesza,https://creativecommons.org/licenses/by-nc/4.0/,https://freesound.org/people/jrhodesza/sounds/367149/,bathroom_laundry/367149_Shower_ambience.wav.wav,bathroom ambience
bathroom_laundry,Bathroom/laundry,488751,bathroom vent closeup D100 AB.wav,71.1505,Archos,http://creativecommons.org/publicdomain/zero/1.0/,https://freesound.org/people/Archos/sounds/488751/,bathroom_laundry/488751_bathroom_vent_closeup_D100_AB.wav.wav,bathroom ambience
bathroom_laundry,Bathroom/laundry,443053,Shower_Ambience.WAV,357.473,AmberdeMeillon,http://creativecommons.org/publicdomain/zero/1.0/,https://freesound.org/people/AmberdeMeillon/sounds/443053/,bathroom_laundry/443053_Shower_Ambience.WAV.wav,bathroom ambience
office_public_interior,Office/public interior,450129,General Fusion industrial workshop office ambience1 computer room with conversation and heavy workshop bg.wav,84.2091,kyles,http://creativecommons.org/publicdomain/zero/1.0/,https://freesound.org/people/kyles/sounds/450129/,office_public_interior/450129_General_Fusion_industrial_workshop_office_ambience1_computer_room_with_conversation_and_heavy_worksh.wav,office ambience
office_public_interior,Office/public interior,765317,AMBOffc-Int_Office Ambience_Zane_OwSFX,124.331,zane_potgieter09,https://creativecommons.org/licenses/by-nc/4.0/,https://freesound.org/people/zane_potgieter09/sounds/765317/,office_public_interior/765317_AMBOffc-Int_Office_Ambience_Zane_OwSFX.m4a,office ambience
office_public_interior,Office/public interior,624908,Post Office.wav,395.929,theplax,https://creativecommons.org/licenses/by/4.0/,https://freesound.org/people/theplax/sounds/624908/,office_public_interior/624908_Post_Office.wav.wav,office ambience
office_public_interior,Office/public interior,327497,Office Ambience 01 OWI.wav,101.16,DavidFrbr,http://creativecommons.org/publicdomain/zero/1.0/,https://freesound.org/people/DavidFrbr/sounds/327497/,office_public_interior/327497_Office_Ambience_01_OWI.wav.wav,office ambience
office_public_interior,Office/public interior,865566,Office_OutdoorArea_City_Ambiance_2,430.225,SMKoski02,http://creativecommons.org/publicdomain/zero/1.0/,https://freesound.org/people/SMKoski02/sounds/865566/,office_public_interior/865566_Office_OutdoorArea_City_Ambiance_2.wav,office ambience
office_public_interior,Office/public interior,577495,"121116 Bank, interior ambience, office, doors, footstaps, printer, typing, voices.flac",236.57,TRP,http://creativecommons.org/publicdomain/zero/1.0/,https://freesound.org/people/TRP/sounds/577495/,office_public_interior/577495_121116_Bank_interior_ambience_office_doors_footstaps_printer_typing_voices.flac.flac,office ambience
office_public_interior,Office/public interior,199896,Office Ambience,300.0,qubodup,https://creativecommons.org/licenses/by/4.0/,https://freesound.org/people/qubodup/sounds/199896/,office_public_interior/199896_Office_Ambience.flac,office ambience
office_public_interior,Office/public interior,541117,Office ambience.wav,142.0,Chelly01,http://creativecommons.org/publicdomain/zero/1.0/,https://freesound.org/people/Chelly01/sounds/541117/,office_public_interior/541117_Office_ambience.wav.wav,office ambience
office_public_interior,Office/public interior,579568,Office ambience - call center 3,180.0,leonelmail,http://creativecommons.org/publicdomain/zero/1.0/,https://freesound.org/people/leonelmail/sounds/579568/,office_public_interior/579568_Office_ambience_-_call_center_3.mp3,office ambience
office_public_interior,Office/public interior,708237,AMB doctors office reception area loopable,240.0,amyjaneduddy,https://creativecommons.org/licenses/by-nc/4.0/,https://freesound.org/people/amyjaneduddy/sounds/708237/,office_public_interior/708237_AMB_doctors_office_reception_area_loopable.wav,office ambience
office_public_interior,Office/public interior,20192,frost lobby2.wav,62.9516,patchen,https://creativecommons.org/licenses/by/4.0/,https://freesound.org/people/patchen/sounds/20192/,office_public_interior/20192_frost_lobby2.wav.wav,office ambience
office_public_interior,Office/public interior,211945,The Office,600.0,qubodup,https://creativecommons.org/licenses/by/4.0/,https://freesound.org/people/qubodup/sounds/211945/,office_public_interior/211945_The_Office.flac,office ambience
office_public_interior,Office/public interior,221848,brazilian office ambience.mp3,80.653,_vk,http://creativecommons.org/publicdomain/zero/1.0/,https://freesound.org/people/_vk/sounds/221848/,office_public_interior/221848_brazilian_office_ambience.mp3.mp3,office ambience
office_public_interior,Office/public interior,752611,Office_Ambience_Interior_quiet,142.051,joseegn,http://creativecommons.org/publicdomain/zero/1.0/,https://freesound.org/people/joseegn/sounds/752611/,office_public_interior/752611_Office_Ambience_Interior_quiet.wav,office ambience
office_public_interior,Office/public interior,862604,Office Ambience,65.801,BeaconStudio,http://creativecommons.org/publicdomain/zero/1.0/,https://freesound.org/people/BeaconStudio/sounds/862604/,office_public_interior/862604_Office_Ambience.wav,office ambience
office_public_interior,Office/public interior,750799,Empty Office Ambience,157.88,simonjeffery13,http://creativecommons.org/publicdomain/zero/1.0/,https://freesound.org/people/simonjeffery13/sounds/750799/,office_public_interior/750799_Empty_Office_Ambience.wav,office ambience
office_public_interior,Office/public interior,636268,Office_ambience.m4a,120.235,servozero,http://creativecommons.org/publicdomain/zero/1.0/,https://freesound.org/people/servozero/sounds/636268/,office_public_interior/636268_Office_ambience.m4a.m4a,office ambience
office_public_interior,Office/public interior,563248,Ambience Office,238.205,Globofonia,http://creativecommons.org/publicdomain/zero/1.0/,https://freesound.org/people/Globofonia/sounds/563248/,office_public_interior/563248_Ambience_Office.wav,office ambience
office_public_interior,Office/public interior,764492,Office Ambience,131.531,ChloePieterse,http://creativecommons.org/publicdomain/zero/1.0/,https://freesound.org/people/ChloePieterse/sounds/764492/,office_public_interior/764492_Office_Ambience.wav,office ambience
office_public_interior,Office/public interior,543584,Bürokratie.mp3,117.983,darrenmichaels,http://creativecommons.org/publicdomain/zero/1.0/,https://freesound.org/people/darrenmichaels/sounds/543584/,office_public_interior/543584_B_rokratie.mp3.mp3,office ambience
urban_suburban_outdoors,Urban/suburban outdoors,532696,City street ambience with construction.wav,157.419,gravity_proof,http://creativecommons.org/publicdomain/zero/1.0/,https://freesound.org/people/gravity_proof/sounds/532696/,urban_suburban_outdoors/532696_City_street_ambience_with_construction.wav.wav,city ambience
urban_suburban_outdoors,Urban/suburban outdoors,387313,City Ambience Exterior Cars Passing By [unedited].wav,196.416,THPSounds,http://creativecommons.org/licenses/by-nc/3.0/,https://freesound.org/people/THPSounds/sounds/387313/,urban_suburban_outdoors/387313_City_Ambience_Exterior_Cars_Passing_By_unedited_.wav.wav,city ambience
urban_suburban_outdoors,Urban/suburban outdoors,164213,Morning Ambience city,62.1032,davidco80,http://creativecommons.org/publicdomain/zero/1.0/,https://freesound.org/people/davidco80/sounds/164213/,urban_suburban_outdoors/164213_Morning_Ambience_city.wav,city ambience
urban_suburban_outdoors,Urban/suburban outdoors,488058,Ambience_City_Crickets_02.wav,66.8334,BenDrain,http://creativecommons.org/publicdomain/zero/1.0/,https://freesound.org/people/BenDrain/sounds/488058/,urban_suburban_outdoors/488058_Ambience_City_Crickets_02.wav.wav,city ambience
urban_suburban_outdoors,Urban/suburban outdoors,172780,small city streamlet atmos 121230_01.wav,326.432,klankbeeld,https://creativecommons.org/licenses/by/4.0/,https://freesound.org/people/klankbeeld/sounds/172780/,urban_suburban_outdoors/172780_small_city_streamlet_atmos_121230_01.wav.wav,city ambience
urban_suburban_outdoors,Urban/suburban outdoors,251940,Dry leaves fall-City141019_0446.wav,278.063,klankbeeld,https://creativecommons.org/licenses/by/4.0/,https://freesound.org/people/klankbeeld/sounds/251940/,urban_suburban_outdoors/251940_Dry_leaves_fall-City141019_0446.wav.wav,city ambience
urban_suburban_outdoors,Urban/suburban outdoors,476309,calm down town ambience NL 190610_0024.ogg,551.216,klankbeeld,https://creativecommons.org/licenses/by/4.0/,https://freesound.org/people/klankbeeld/sounds/476309/,urban_suburban_outdoors/476309_calm_down_town_ambience_NL_190610_0024.ogg.ogg,city ambience
urban_suburban_outdoors,Urban/suburban outdoors,360777,Ambience inner city traffic.wav,126.688,dnlburnett,http://creativecommons.org/publicdomain/zero/1.0/,https://freesound.org/people/dnlburnett/sounds/360777/,urban_suburban_outdoors/360777_Ambience_inner_city_traffic.wav.wav,city ambience
urban_suburban_outdoors,Urban/suburban outdoors,622736,AMBCnst Ambience jackhammer on street recorded from 5th floor balcony in Sao Paulo Brazil,109.269,anapb,http://creativecommons.org/publicdomain/zero/1.0/,https://freesound.org/people/anapb/sounds/622736/,urban_suburban_outdoors/622736_AMBCnst_Ambience_jackhammer_on_street_recorded_from_5th_floor_balcony_in_Sao_Paulo_Brazil.wav,city ambience
urban_suburban_outdoors,Urban/suburban outdoors,276920,05831 alarm siren city ambience.wav,194.998,Robinhood76,https://creativecommons.org/licenses/by-nc/4.0/,https://freesound.org/people/Robinhood76/sounds/276920/,urban_suburban_outdoors/276920_05831_alarm_siren_city_ambience.wav.wav,city ambience
urban_suburban_outdoors,Urban/suburban outdoors,669171,"City Park Ambience - Berlin / Spring - With Birds, Cars and Planes - Part II.wav",206.104,GregorQuendel,https://creativecommons.org/licenses/by/4.0/,https://freesound.org/people/GregorQuendel/sounds/669171/,urban_suburban_outdoors/669171_City_Park_Ambience_-_Berlin_Spring_-_With_Birds_Cars_and_Planes_-_Part_II.wav.wav,city ambience
urban_suburban_outdoors,Urban/suburban outdoors,393701,City ambience - Berlin,99.7708,vdr3,http://creativecommons.org/publicdomain/zero/1.0/,https://freesound.org/people/vdr3/sounds/393701/,urban_suburban_outdoors/393701_City_ambience_-_Berlin.flac,city ambience
urban_suburban_outdoors,Urban/suburban outdoors,130127,City_Ambience_Crowd_Singing.aif,100.133,burkay,http://creativecommons.org/publicdomain/zero/1.0/,https://freesound.org/people/burkay/sounds/130127/,urban_suburban_outdoors/130127_City_Ambience_Crowd_Singing.aif.aiff,city ambience
urban_suburban_outdoors,Urban/suburban outdoors,513209,"City ambience, Miradouro de São Pedro de Alcântara, Lisbon, Portugal, take 3",256.256,abomfim,http://creativecommons.org/publicdomain/zero/1.0/,https://freesound.org/people/abomfim/sounds/513209/,urban_suburban_outdoors/513209_City_ambience_Miradouro_de_S_o_Pedro_de_Alc_ntara_Lisbon_Portugal_take_3.wav,city ambience
urban_suburban_outdoors,Urban/suburban outdoors,586877,restaurant ambience ext comercial center heron city barcelona,334.672,marsal.oido,https://creativecommons.org/licenses/by/4.0/,https://freesound.org/people/marsal.oido/sounds/586877/,urban_suburban_outdoors/586877_restaurant_ambience_ext_comercial_center_heron_city_barcelona.wav,city ambience
urban_suburban_outdoors,Urban/suburban outdoors,465785,Windy city ambience with water and church bell (48khz(24bit),156.054,neilraouf,http://creativecommons.org/publicdomain/zero/1.0/,https://freesound.org/people/neilraouf/sounds/465785/,urban_suburban_outdoors/465785_Windy_city_ambience_with_water_and_church_bell_48khz_24bit.wav,city ambience
urban_suburban_outdoors,Urban/suburban outdoors,851386,Courtyard ambience with pigeons and city sounds in spring,245.592,Garuda1982,http://creativecommons.org/publicdomain/zero/1.0/,https://freesound.org/people/Garuda1982/sounds/851386/,urban_suburban_outdoors/851386_Courtyard_ambience_with_pigeons_and_city_sounds_in_spring.wav,city ambience
urban_suburban_outdoors,Urban/suburban outdoors,380687,Soft City Park Ambience,120.594,simgo,http://creativecommons.org/publicdomain/zero/1.0/,https://freesound.org/people/simgo/sounds/380687/,urban_suburban_outdoors/380687_Soft_City_Park_Ambience.aiff,city ambience
urban_suburban_outdoors,Urban/suburban outdoors,512282,Old City Ambience,132.5,KasperAugustTopp,https://creativecommons.org/licenses/by/4.0/,https://freesound.org/people/KasperAugustTopp/sounds/512282/,urban_suburban_outdoors/512282_Old_City_Ambience.wav,city ambience
urban_suburban_outdoors,Urban/suburban outdoors,723607,Ciudad de Mexico DF Colonia Roma Busy Street traffic urban city ambience Ed Larez VSNR,87.84,visionear,http://creativecommons.org/publicdomain/zero/1.0/,https://freesound.org/people/visionear/sounds/723607/,urban_suburban_outdoors/723607_Ciudad_de_Mexico_DF_Colonia_Roma_Busy_Street_traffic_urban_city_ambience_Ed_Larez_VSNR.wav,city ambience
transport_industrial,Transport/industrial,608162,Train Peoples Chat Talk Travel Fantasy Transport Atmo Ambience Atmosphere - Surround Mastered.wav,106.615,szegvari,http://creativecommons.org/publicdomain/zero/1.0/,https://freesound.org/people/szegvari/sounds/608162/,transport_industrial/608162_Train_Peoples_Chat_Talk_Travel_Fantasy_Transport_Atmo_Ambience_Atmosphere_-_Surround_Mastered.wav.wav,transport ambience
transport_industrial,Transport/industrial,608159,Train Peoples Chat Talk Travel Fantasy Transport Atmo Ambience Atmosphere - Mastered.wav,106.615,szegvari,http://creativecommons.org/publicdomain/zero/1.0/,https://freesound.org/people/szegvari/sounds/608159/,transport_industrial/608159_Train_Peoples_Chat_Talk_Travel_Fantasy_Transport_Atmo_Ambience_Atmosphere_-_Mastered.wav.wav,transport ambience
transport_industrial,Transport/industrial,728755,Car Park Ambience 1,107.741,freekit,https://creativecommons.org/licenses/by-nc/4.0/,https://freesound.org/people/freekit/sounds/728755/,transport_industrial/728755_Car_Park_Ambience_1.wav,transport ambience
transport_industrial,Transport/industrial,326146,Inside Car Ambience Next to School More Quiet Version.wav,248.5,15050_Francois,http://creativecommons.org/licenses/by-nc/3.0/,https://freesound.org/people/15050_Francois/sounds/326146/,transport_industrial/326146_Inside_Car_Ambience_Next_to_School_More_Quiet_Version.wav.wav,transport ambience
transport_industrial,Transport/industrial,540140,Car Interior Ambience.wav,140.0,aidansamuel,http://creativecommons.org/publicdomain/zero/1.0/,https://freesound.org/people/aidansamuel/sounds/540140/,transport_industrial/540140_Car_Interior_Ambience.wav.wav,transport ambience
transport_industrial,Transport/industrial,855011,Grenzallee_Ubahn_MetroStation_Ambience_and_Arrival_2,84.4773,SMKoski02,http://creativecommons.org/publicdomain/zero/1.0/,https://freesound.org/people/SMKoski02/sounds/855011/,transport_industrial/855011_Grenzallee_Ubahn_MetroStation_Ambience_and_Arrival_2.aiff,transport ambience
transport_industrial,Transport/industrial,383453,Driving ambience,138.75,deleted_user_7146007,http://creativecommons.org/publicdomain/zero/1.0/,https://freesound.org/people/deleted_user_7146007/sounds/383453/,transport_industrial/383453_Driving_ambience.wav,transport ambience
transport_industrial,Transport/industrial,795464,"Street Ambience, Geneva, Switzerland",179.989,watkinsonic,http://creativecommons.org/publicdomain/zero/1.0/,https://freesound.org/people/watkinsonic/sounds/795464/,transport_industrial/795464_Street_Ambience_Geneva_Switzerland.mp3,transport ambience
transport_industrial,Transport/industrial,608157,Street People Cars City Fantasy Traffic Noise Ambience Atmosphere - Mastered Surround.wav,123.936,szegvari,http://creativecommons.org/publicdomain/zero/1.0/,https://freesound.org/people/szegvari/sounds/608157/,transport_industrial/608157_Street_People_Cars_City_Fantasy_Traffic_Noise_Ambience_Atmosphere_-_Mastered_Surround.wav.wav,transport ambience
transport_industrial,Transport/industrial,608158,Street People Cars City Fantasy Traffic Noise Ambience Atmosphere - Mastered ST.wav,123.936,szegvari,http://creativecommons.org/publicdomain/zero/1.0/,https://freesound.org/people/szegvari/sounds/608158/,transport_industrial/608158_Street_People_Cars_City_Fantasy_Traffic_Noise_Ambience_Atmosphere_-_Mastered_ST.wav.wav,transport ambience
transport_industrial,Transport/industrial,820115,20250813_1541_Terminus,286.961,Benson_Arizona,https://creativecommons.org/licenses/by-nc/4.0/,https://freesound.org/people/Benson_Arizona/sounds/820115/,transport_industrial/820115_20250813_1541_Terminus.mp3,transport ambience
transport_industrial,Transport/industrial,263580,Nuernberg_U-bahn.wav,212.972,Berwitz,http://creativecommons.org/publicdomain/zero/1.0/,https://freesound.org/people/Berwitz/sounds/263580/,transport_industrial/263580_Nuernberg_U-bahn.wav.wav,transport ambience
transport_industrial,Transport/industrial,320458,"Inside a crowded subway (metro) in Vienna, Austria",500.755,Alcappuccino,http://creativecommons.org/publicdomain/zero/1.0/,https://freesound.org/people/Alcappuccino/sounds/320458/,transport_industrial/320458_Inside_a_crowded_subway_metro_in_Vienna_Austria.mp3,transport ambience
transport_industrial,Transport/industrial,703104,F16 fighter and Hecules C-130H 3.57PM 230914_0620,201.382,klankbeeld,https://creativecommons.org/licenses/by/4.0/,https://freesound.org/people/klankbeeld/sounds/703104/,transport_industrial/703104_F16_fighter_and_Hecules_C-130H_3.57PM_230914_0620.wav,transport ambience
transport_industrial,Transport/industrial,731241,"AMB-Road,Car,Truck,Bike,People-Jawalakhel,Nepal-14Jul2023,12h15",192.837,soundandmelodies,http://creativecommons.org/publicdomain/zero/1.0/,https://freesound.org/people/soundandmelodies/sounds/731241/,transport_industrial/731241_AMB-Road_Car_Truck_Bike_People-Jawalakhel_Nepal-14Jul2023_12h15.wav,transport ambience
transport_industrial,Transport/industrial,712009,Bus Ride,352.661,aeroperea,http://creativecommons.org/publicdomain/zero/1.0/,https://freesound.org/people/aeroperea/sounds/712009/,transport_industrial/712009_Bus_Ride.m4a,transport ambience
transport_industrial,Transport/industrial,723833,Bus_Interior_Commuting_Hong_Kong,190.925,ivoliYT,http://creativecommons.org/publicdomain/zero/1.0/,https://freesound.org/people/ivoliYT/sounds/723833/,transport_industrial/723833_Bus_Interior_Commuting_Hong_Kong.wav,transport ambience
transport_industrial,Transport/industrial,802498,"Busy Street, Day, Buses, Cars, 2OA - Spatial Audio",139.616,VizAion,http://creativecommons.org/publicdomain/zero/1.0/,https://freesound.org/people/VizAion/sounds/802498/,transport_industrial/802498_Busy_Street_Day_Buses_Cars_2OA_-_Spatial_Audio.wav,transport ambience
transport_industrial,Transport/industrial,737974,Train Ride Sound,260.605,Arsen2005,https://creativecommons.org/licenses/by/4.0/,https://freesound.org/people/Arsen2005/sounds/737974/,transport_industrial/737974_Train_Ride_Sound.mp3,transport ambience
transport_industrial,Transport/industrial,804933,60-70s Bus Engine,60.0,Ultra-Edward,http://creativecommons.org/publicdomain/zero/1.0/,https://freesound.org/people/Ultra-Edward/sounds/804933/,transport_industrial/804933_60-70s_Bus_Engine.wav,transport ambience
rural_farm,Rural/farm,573010,Rural ambience with seawash in background Kimolos Monastiria,85.7127,Sotiris_Laskaris,https://creativecommons.org/licenses/by/4.0/,https://freesound.org/people/Sotiris_Laskaris/sounds/573010/,rural_farm/573010_Rural_ambience_with_seawash_in_background_Kimolos_Monastiria.wav,rural ambience
rural_farm,Rural/farm,487009,Ambience Outdoor Rural Wind Parc Casa de les Aigues 2,275.044,bitlab_coop,http://creativecommons.org/publicdomain/zero/1.0/,https://freesound.org/people/bitlab_coop/sounds/487009/,rural_farm/487009_Ambience_Outdoor_Rural_Wind_Parc_Casa_de_les_Aigues_2.wav,rural ambience
rural_farm,Rural/farm,255519,Rural Ambience | Stereo Ms,168.0,sons_pt,https://creativecommons.org/licenses/by/4.0/,https://freesound.org/people/sons_pt/sounds/255519/,rural_farm/255519_Rural_Ambience_Stereo_Ms.wav,rural ambience
rural_farm,Rural/farm,514550,Countryside Ambience Spring,189.208,Kinoton,http://creativecommons.org/publicdomain/zero/1.0/,https://freesound.org/people/Kinoton/sounds/514550/,rural_farm/514550_Countryside_Ambience_Spring.wav,rural ambience
rural_farm,Rural/farm,707883,Outside Rural Ambience,120.832,JandreLombaard,https://creativecommons.org/licenses/by-nc/4.0/,https://freesound.org/people/JandreLombaard/sounds/707883/,rural_farm/707883_Outside_Rural_Ambience.wav,rural ambience
rural_farm,Rural/farm,418271,"Ambience-Rural-Early Evening-Birds Chirping, Light Wind, Leaves on Trees Rustling, Near and Light Traffic, Light Footsteps, Dog Barking.wav",215.016,yeemeng,http://creativecommons.org/publicdomain/zero/1.0/,https://freesound.org/people/yeemeng/sounds/418271/,rural_farm/418271_Ambience-Rural-Early_Evening-Birds_Chirping_Light_Wind_Leaves_on_Trees_Rustling_Near_and_Light_Traff.wav,rural ambience
rural_farm,Rural/farm,831451,AMBRurl Night Ambience Rural Portugal Crickets Dogs barking brown Owl,234.078,SiliconeSound,https://creativecommons.org/licenses/by/4.0/,https://freesound.org/people/SiliconeSound/sounds/831451/,rural_farm/831451_AMBRurl_Night_Ambience_Rural_Portugal_Crickets_Dogs_barking_brown_Owl.wav,rural ambience
rural_farm,Rural/farm,331444,Gentle rich cricket and insects at night rural-Lebanon .wav,139.605,The_Sound_Side,http://creativecommons.org/publicdomain/zero/1.0/,https://freesound.org/people/The_Sound_Side/sounds/331444/,rural_farm/331444_Gentle_rich_cricket_and_insects_at_night_rural-Lebanon_.wav.wav,rural ambience
rural_farm,Rural/farm,340325,Rural_ourdoors_birds.wav,72.4224,rambler52,https://creativecommons.org/licenses/by/4.0/,https://freesound.org/people/rambler52/sounds/340325/,rural_farm/340325_Rural_ourdoors_birds.wav.wav,rural ambience
rural_farm,Rural/farm,398607,"Rural ambience, afternoon, light wind, birds, insects with distant vehicles and loudspeaker.wav",112.192,Sagnik_Basu,http://creativecommons.org/publicdomain/zero/1.0/,https://freesound.org/people/Sagnik_Basu/sounds/398607/,rural_farm/398607_Rural_ambience_afternoon_light_wind_birds_insects_with_distant_vehicles_and_loudspeaker.wav.wav,rural ambience
rural_farm,Rural/farm,689101,VEHBy_Cars Pass By On An Asphalt Rural Road 5_EM.wav,125.784,newlocknew,https://creativecommons.org/licenses/by-nc/4.0/,https://freesound.org/people/newlocknew/sounds/689101/,rural_farm/689101_VEHBy_Cars_Pass_By_On_An_Asphalt_Rural_Road_5_EM.wav.wav,rural ambience
rural_farm,Rural/farm,69648,Farmyard Ambience Revisited.wav,286.555,Benboncan,https://creativecommons.org/licenses/by/4.0/,https://freesound.org/people/Benboncan/sounds/69648/,rural_farm/69648_Farmyard_Ambience_Revisited.wav.wav,rural ambience
rural_farm,Rural/farm,398860,"Rural, Terrace, afternoon ambience, light wind, leaves rustle, birds with distant loudspeaker",207.226,Sagnik_Basu,http://creativecommons.org/publicdomain/zero/1.0/,https://freesound.org/people/Sagnik_Basu/sounds/398860/,rural_farm/398860_Rural_Terrace_afternoon_ambience_light_wind_leaves_rustle_birds_with_distant_loudspeaker.wav,rural ambience
rural_farm,Rural/farm,752248,AMBIENCE-EXTERIOR-EVENING-FRIAS_EBRO_RIVER-MEDIUM-STREAM-FAR-4824-01,508.0,pblzr,http://creativecommons.org/publicdomain/zero/1.0/,https://freesound.org/people/pblzr/sounds/752248/,rural_farm/752248_AMBIENCE-EXTERIOR-EVENING-FRIAS_EBRO_RIVER-MEDIUM-STREAM-FAR-4824-01.wav,rural ambience
rural_farm,Rural/farm,397678,Rural Ambience in Brunei.WAV,333.591,lionROAR0905,https://creativecommons.org/licenses/by/4.0/,https://freesound.org/people/lionROAR0905/sounds/397678/,rural_farm/397678_Rural_Ambience_in_Brunei.WAV.wav,rural ambience
rural_farm,Rural/farm,398853,"Rural outdoor ambience, afternoon light wind vehicles pass bys and distant loudspeaker",165.51,Sagnik_Basu,http://creativecommons.org/publicdomain/zero/1.0/,https://freesound.org/people/Sagnik_Basu/sounds/398853/,rural_farm/398853_Rural_outdoor_ambience_afternoon_light_wind_vehicles_pass_bys_and_distant_loudspeaker.wav,rural ambience
rural_farm,Rural/farm,106736,geese_copake_farmland_2.aif,179.589,markb,https://creativecommons.org/licenses/by/4.0/,https://freesound.org/people/markb/sounds/106736/,rural_farm/106736_geese_copake_farmland_2.aif.aiff,rural ambience
rural_farm,Rural/farm,587721,Roca Partida Mountain Morning - Distant Village.wav,103.435,Globofonia,https://creativecommons.org/licenses/by/4.0/,https://freesound.org/people/Globofonia/sounds/587721/,rural_farm/587721_Roca_Partida_Mountain_Morning_-_Distant_Village.wav.wav,rural ambience
rural_farm,Rural/farm,455041,Passing cows,285.592,Diegolar,https://creativecommons.org/licenses/by/4.0/,https://freesound.org/people/Diegolar/sounds/455041/,rural_farm/455041_Passing_cows.wav,rural ambience
rural_farm,Rural/farm,638200,night cricket with rain.wav,145.2,kamatvardhan,http://creativecommons.org/publicdomain/zero/1.0/,https://freesound.org/people/kamatvardhan/sounds/638200/,rural_farm/638200_night_cricket_with_rain.wav.wav,rural ambience
forest_woodland,Forest/woodland,319446,ambience_forest_austria_w4tel_thunder_light_rain.wav,176.344,magedu,https://creativecommons.org/licenses/by/4.0/,https://freesound.org/people/magedu/sounds/319446/,forest_woodland/319446_ambience_forest_austria_w4tel_thunder_light_rain.wav.wav,forest ambience
forest_woodland,Forest/woodland,547923,Clark's Tower Ambience 1 RX.wav,113.154,greysound,http://creativecommons.org/publicdomain/zero/1.0/,https://freesound.org/people/greysound/sounds/547923/,forest_woodland/547923_Clark_s_Tower_Ambience_1_RX.wav.wav,forest ambience
forest_woodland,Forest/woodland,564436,Forest Ambience 1.wav,181.18,Fester993,http://creativecommons.org/publicdomain/zero/1.0/,https://freesound.org/people/Fester993/sounds/564436/,forest_woodland/564436_Forest_Ambience_1.wav.wav,forest ambience
forest_woodland,Forest/woodland,447815,walking ambience forest autumn crunchy step walking leafes.wav,403.897,EricsSoundschmiede,http://creativecommons.org/publicdomain/zero/1.0/,https://freesound.org/people/EricsSoundschmiede/sounds/447815/,forest_woodland/447815_walking_ambience_forest_autumn_crunchy_step_walking_leafes.wav.wav,forest ambience
forest_woodland,Forest/woodland,698308,New England Forest with Soft Rain Morning Ambience,195.162,Bmisiewicz,https://creativecommons.org/licenses/by/4.0/,https://freesound.org/people/Bmisiewicz/sounds/698308/,forest_woodland/698308_New_England_Forest_with_Soft_Rain_Morning_Ambience.wav,forest ambience
forest_woodland,Forest/woodland,607434,River in Forest Ambience.wav,121.0,bennathanras,https://creativecommons.org/licenses/by-nc/4.0/,https://freesound.org/people/bennathanras/sounds/607434/,forest_woodland/607434_River_in_Forest_Ambience.wav.wav,forest ambience
forest_woodland,Forest/woodland,765314,AMBSwmp-Ext_Forest Ambience_Zane_OwSFX,122.795,zane_potgieter09,https://creativecommons.org/licenses/by-nc/4.0/,https://freesound.org/people/zane_potgieter09/sounds/765314/,forest_woodland/765314_AMBSwmp-Ext_Forest_Ambience_Zane_OwSFX.m4a,forest ambience
forest_woodland,Forest/woodland,319043,Forest Trudge.wav,531.951,kwahmah_02,http://creativecommons.org/licenses/by/3.0/,https://freesound.org/people/kwahmah_02/sounds/319043/,forest_woodland/319043_Forest_Trudge.wav.wav,forest ambience
forest_woodland,Forest/woodland,811076,"WOODTonl Creaking of one branch, and pine forest ambience by a path, Rödeby, Sweden",394.124,vhio,http://creativecommons.org/publicdomain/zero/1.0/,https://freesound.org/people/vhio/sounds/811076/,forest_woodland/811076_WOODTonl_Creaking_of_one_branch_and_pine_forest_ambience_by_a_path_R_deby_Sweden.wav,forest ambience
forest_woodland,Forest/woodland,429137,nixeno - forest and waterfall ambience.mp3,106.071,nixeno,https://creativecommons.org/licenses/by/4.0/,https://freesound.org/people/nixeno/sounds/429137/,forest_woodland/429137_nixeno_-_forest_and_waterfall_ambience.mp3.mp3,forest ambience
forest_woodland,Forest/woodland,637559,forest ambience constant breeze.flac,117.868,kyles,http://creativecommons.org/publicdomain/zero/1.0/,https://freesound.org/people/kyles/sounds/637559/,forest_woodland/637559_forest_ambience_constant_breeze.flac.flac,forest ambience
forest_woodland,Forest/woodland,28646,Forest Ambience Danish.wav,169.784,gim-audio,http://creativecommons.org/licenses/by/3.0/,https://freesound.org/people/gim-audio/sounds/28646/,forest_woodland/28646_Forest_Ambience_Danish.wav.wav,forest ambience
forest_woodland,Forest/woodland,826326,Forest Ambience with Birds,77.444,upkey,http://creativecommons.org/publicdomain/zero/1.0/,https://freesound.org/people/upkey/sounds/826326/,forest_woodland/826326_Forest_Ambience_with_Birds.wav,forest ambience
forest_woodland,Forest/woodland,804838,"Forest Ambience, Monk’s Trail, Chiang Mai, Thailand (March 7, 2019)",95.9608,marc.om,http://creativecommons.org/publicdomain/zero/1.0/,https://freesound.org/people/marc.om/sounds/804838/,forest_woodland/804838_Forest_Ambience_Monk_s_Trail_Chiang_Mai_Thailand_March_7_2019.wav,forest ambience
forest_woodland,Forest/woodland,697236,Forest River Ambience,125.016,RyanKingArt,http://creativecommons.org/publicdomain/zero/1.0/,https://freesound.org/people/RyanKingArt/sounds/697236/,forest_woodland/697236_Forest_River_Ambience.m4a,forest ambience
forest_woodland,Forest/woodland,493720,ambience spooky forest.mp3,153.72,marchon11,http://creativecommons.org/licenses/by/3.0/,https://freesound.org/people/marchon11/sounds/493720/,forest_woodland/493720_ambience_spooky_forest.mp3.mp3,forest ambience
forest_woodland,Forest/woodland,851354,"AMBForst_Ambience, noon, forest, trail, Piratininga, Niterói, Rio de Janeiro, rooster, birds, cicadas_BF_ARA_Zh6_stereo",180.547,quehablas,https://creativecommons.org/licenses/by-nc/4.0/,https://freesound.org/people/quehablas/sounds/851354/,forest_woodland/851354_AMBForst_Ambience_noon_forest_trail_Piratininga_Niter_i_Rio_de_Janeiro_rooster_birds_cicadas_BF_ARA_.wav,forest ambience
forest_woodland,Forest/woodland,624355,Ambience - equatorial forest afternoon 2 stream nearby,118.529,Leo_Touroult,http://creativecommons.org/licenses/by-nc/3.0/,https://freesound.org/people/Leo_Touroult/sounds/624355/,forest_woodland/624355_Ambience_-_equatorial_forest_afternoon_2_stream_nearby.wav,forest ambience
forest_woodland,Forest/woodland,201898,Windy Forest (without windscreen) 01.mp3,100.481,Gutek,http://creativecommons.org/publicdomain/zero/1.0/,https://freesound.org/people/Gutek/sounds/201898/,forest_woodland/201898_Windy_Forest_without_windscreen_01.mp3.mp3,forest ambience
forest_woodland,Forest/woodland,759562,Light Forest Rain Ambience with Village Sounds in the Background,477.757,Garuda1982,http://creativecommons.org/publicdomain/zero/1.0/,https://freesound.org/people/Garuda1982/sounds/759562/,forest_woodland/759562_Light_Forest_Rain_Ambience_with_Village_Sounds_in_the_Background.wav,forest ambience
park_garden,Park/garden,727877,"ambience, city, party, sokolniki park, late winter, Moscow",172.568,AlexanderChe,http://creativecommons.org/publicdomain/zero/1.0/,https://freesound.org/people/AlexanderChe/sounds/727877/,park_garden/727877_ambience_city_party_sokolniki_park_late_winter_Moscow.wav,park ambience
park_garden,Park/garden,348861,"Moscow, Tsaritsyno Park ambience OMNI mics.wav",296.0,gladkiy,http://creativecommons.org/publicdomain/zero/1.0/,https://freesound.org/people/gladkiy/sounds/348861/,park_garden/348861_Moscow_Tsaritsyno_Park_ambience_OMNI_mics.wav.wav,park ambience
park_garden,Park/garden,839450,Lo-Fi Park Ambience,327.371,Artem_Zaitsev,http://creativecommons.org/publicdomain/zero/1.0/,https://freesound.org/people/Artem_Zaitsev/sounds/839450/,park_garden/839450_Lo-Fi_Park_Ambience.wav,park ambience
park_garden,Park/garden,698887,park sping NL12.55 PM 220503_0341,334.887,klankbeeld,https://creativecommons.org/licenses/by/4.0/,https://freesound.org/people/klankbeeld/sounds/698887/,park_garden/698887_park_sping_NL12.55_PM_220503_0341.mp3,park ambience
park_garden,Park/garden,591790,Park ambience OWI.wav,197.968,Livwagner8747,http://creativecommons.org/licenses/by-nc/3.0/,https://freesound.org/people/Livwagner8747/sounds/591790/,park_garden/591790_Park_ambience_OWI.wav.wav,park ambience
park_garden,Park/garden,638347,Crystal Palace Park Ambience,383.518,Morphic__,https://creativecommons.org/licenses/by/4.0/,https://freesound.org/people/Morphic__/sounds/638347/,park_garden/638347_Crystal_Palace_Park_Ambience.flac,park ambience
park_garden,Park/garden,533010,park ambience near a street,320.776,Mehdiikazemi,http://creativecommons.org/publicdomain/zero/1.0/,https://freesound.org/people/Mehdiikazemi/sounds/533010/,park_garden/533010_park_ambience_near_a_street.wav,park ambience
park_garden,Park/garden,765305,AMBPark-Ext_Park Ambience_Zane_OwSFX,124.416,zane_potgieter09,https://creativecommons.org/licenses/by-nc/4.0/,https://freesound.org/people/zane_potgieter09/sounds/765305/,park_garden/765305_AMBPark-Ext_Park_Ambience_Zane_OwSFX.m4a,park ambience
park_garden,Park/garden,654570,Park Ambience.wav,155.0,Jellytots_Julie,https://creativecommons.org/licenses/by-nc/4.0/,https://freesound.org/people/Jellytots_Julie/sounds/654570/,park_garden/654570_Park_Ambience.wav.wav,park ambience
park_garden,Park/garden,594590,Swinging in a semi busy park on a windy day Ambience.wav,160.0,21100449,http://creativecommons.org/licenses/by-nc/3.0/,https://freesound.org/people/21100449/sounds/594590/,park_garden/594590_Swinging_in_a_semi_busy_park_on_a_windy_day_Ambience.wav.wav,park ambience
park_garden,Park/garden,655233,Ambience - Park at Day.wav,292.0,Gamufreaku,https://creativecommons.org/licenses/by/4.0/,https://freesound.org/people/Gamufreaku/sounds/655233/,park_garden/655233_Ambience_-_Park_at_Day.wav.wav,park ambience
park_garden,Park/garden,353513,"Dresden Park Ambience, Cars, Train, Evening_good weather, H6.wav",298.474,Bini_trns,http://creativecommons.org/licenses/by-nc/3.0/,https://freesound.org/people/Bini_trns/sounds/353513/,park_garden/353513_Dresden_Park_Ambience_Cars_Train_Evening_good_weather_H6.wav.wav,park ambience
park_garden,Park/garden,594588,Empty Park Ambience.wav,160.0,21100449,http://creativecommons.org/licenses/by-nc/3.0/,https://freesound.org/people/21100449/sounds/594588/,park_garden/594588_Empty_Park_Ambience.wav.wav,park ambience
park_garden,Park/garden,669171,"City Park Ambience - Berlin / Spring - With Birds, Cars and Planes - Part II.wav",206.104,GregorQuendel,https://creativecommons.org/licenses/by/4.0/,https://freesound.org/people/GregorQuendel/sounds/669171/,urban_suburban_outdoors/669171_City_Park_Ambience_-_Berlin_Spring_-_With_Birds_Cars_and_Planes_-_Part_II.wav.wav,park ambience
park_garden,Park/garden,791361,"AMBTown Evening town ambience from an open park field, Karlskrona, Sweden",586.111,vhio,http://creativecommons.org/publicdomain/zero/1.0/,https://freesound.org/people/vhio/sounds/791361/,park_garden/791361_AMBTown_Evening_town_ambience_from_an_open_park_field_Karlskrona_Sweden.wav,park ambience
park_garden,Park/garden,444904,Park Ambience,127.75,mars_98,https://creativecommons.org/licenses/by/4.0/,https://freesound.org/people/mars_98/sounds/444904/,park_garden/444904_Park_Ambience.wav,park ambience
park_garden,Park/garden,795569,"AMBPark Hoglands park lively day ambience with birds, people, and traffic, Karlskrona, Sweden",553.561,vhio,http://creativecommons.org/publicdomain/zero/1.0/,https://freesound.org/people/vhio/sounds/795569/,park_garden/795569_AMBPark_Hoglands_park_lively_day_ambience_with_birds_people_and_traffic_Karlskrona_Sweden.wav,park ambience
park_garden,Park/garden,444933,AMBIENCE_Griffith Park.wav,190.213,WilliamJMeyer,http://creativecommons.org/publicdomain/zero/1.0/,https://freesound.org/people/WilliamJMeyer/sounds/444933/,park_garden/444933_AMBIENCE_Griffith_Park.wav.wav,park ambience
park_garden,Park/garden,380687,Soft City Park Ambience,120.594,simgo,http://creativecommons.org/publicdomain/zero/1.0/,https://freesound.org/people/simgo/sounds/380687/,park_garden/380687_Soft_City_Park_Ambience.aiff,park ambience
park_garden,Park/garden,703427,2023-09-23-greenwich-park-003.wav,125.0,ilmari_freesound,http://creativecommons.org/publicdomain/zero/1.0/,https://freesound.org/people/ilmari_freesound/sounds/703427/,park_garden/703427_2023-09-23-greenwich-park-003.wav.wav,park ambience
waterside_coastal,Waterside/coastal,413334,Baltimore Harbor with Distant Industrial Ambience,93.25,flood-mix,http://creativecommons.org/publicdomain/zero/1.0/,https://freesound.org/people/flood-mix/sounds/413334/,waterside_coastal/413334_Baltimore_Harbor_with_Distant_Industrial_Ambience.wav,harbor ambience
waterside_coastal,Waterside/coastal,672693,Small metal bridge creaking and squeaking as it moves up and down.wav,149.609,Kranhytt,https://creativecommons.org/licenses/by/4.0/,https://freesound.org/people/Kranhytt/sounds/672693/,waterside_coastal/672693_Small_metal_bridge_creaking_and_squeaking_as_it_moves_up_and_down.wav.wav,harbor ambience
waterside_coastal,Waterside/coastal,254125,Harbor Ambience 1,60.146,clif_creates,http://creativecommons.org/publicdomain/zero/1.0/,https://freesound.org/people/clif_creates/sounds/254125/,waterside_coastal/254125_Harbor_Ambience_1.wav,harbor ambience
waterside_coastal,Waterside/coastal,501340,"Harbor during the night (Valparaiso, Chile)",246.507,felix.blume,http://creativecommons.org/publicdomain/zero/1.0/,https://freesound.org/people/felix.blume/sounds/501340/,waterside_coastal/501340_Harbor_during_the_night_Valparaiso_Chile.wav,harbor ambience
waterside_coastal,Waterside/coastal,558959,Ambience_Lisboa_Center_Daytime_4824_02.wav,77.0,pblzr,http://creativecommons.org/publicdomain/zero/1.0/,https://freesound.org/people/pblzr/sounds/558959/,waterside_coastal/558959_Ambience_Lisboa_Center_Daytime_4824_02.wav.wav,harbor ambience
waterside_coastal,Waterside/coastal,492170,light industrial harbor ambience,192.557,jgrzinich,https://creativecommons.org/licenses/by-nc/4.0/,https://freesound.org/people/jgrzinich/sounds/492170/,waterside_coastal/492170_light_industrial_harbor_ambience.wav,harbor ambience
waterside_coastal,Waterside/coastal,826468,"AMBNaut-ZH6_River margin, close perspective, people talking in Portuguese, complaining nearby, motorcycle, motor boat pass by, impact on boat hull, distant dog bark and children laughing, water laps_FILI_URPRU",267.128,quehablas,http://creativecommons.org/publicdomain/zero/1.0/,https://freesound.org/people/quehablas/sounds/826468/,waterside_coastal/826468_AMBNaut-ZH6_River_margin_close_perspective_people_talking_in_Portuguese_complaining_nearby_motorcycl.wav,harbor ambience
waterside_coastal,Waterside/coastal,392664,Ambience EXT night subcity from balcony distant traffic and container harbor port (lisbon portugal xabregas).flac,178.465,corkob,http://creativecommons.org/publicdomain/zero/1.0/,https://freesound.org/people/corkob/sounds/392664/,waterside_coastal/392664_Ambience_EXT_night_subcity_from_balcony_distant_traffic_and_container_harbor_port_lisbon_portugal_xa.flac,harbor ambience
waterside_coastal,Waterside/coastal,406332,brisk wayside at harbor,220.569,Slowmote,http://creativecommons.org/publicdomain/zero/1.0/,https://freesound.org/people/Slowmote/sounds/406332/,waterside_coastal/406332_brisk_wayside_at_harbor.wav,harbor ambience
waterside_coastal,Waterside/coastal,731719,Abandoned harbor atmosphere,136.827,Garuda1982,https://creativecommons.org/licenses/by/4.0/,https://freesound.org/people/Garuda1982/sounds/731719/,waterside_coastal/731719_Abandoned_harbor_atmosphere.wav,harbor ambience
waterside_coastal,Waterside/coastal,636556,harbor-ambiance.WAV,99.1922,L.Finck,http://creativecommons.org/publicdomain/zero/1.0/,https://freesound.org/people/L.Finck/sounds/636556/,waterside_coastal/636556_harbor-ambiance.WAV.wav,harbor ambience
waterside_coastal,Waterside/coastal,536998,industrial river 005 200708_0196.wav,188.989,klankbeeld,https://creativecommons.org/licenses/by/4.0/,https://freesound.org/people/klankbeeld/sounds/536998/,waterside_coastal/536998_industrial_river_005_200708_0196.wav.wav,harbor ambience
waterside_coastal,Waterside/coastal,614887,Small Greek Harbour Far,61.8299,Sotiris_Laskaris,https://creativecommons.org/licenses/by-nc/4.0/,https://freesound.org/people/Sotiris_Laskaris/sounds/614887/,waterside_coastal/614887_Small_Greek_Harbour_Far.wav,harbor ambience
waterside_coastal,Waterside/coastal,568196,harbour pilots vessel waves 190604_0013.wav,179.822,klankbeeld,https://creativecommons.org/licenses/by/4.0/,https://freesound.org/people/klankbeeld/sounds/568196/,waterside_coastal/568196_harbour_pilots_vessel_waves_190604_0013.wav.wav,harbor ambience
waterside_coastal,Waterside/coastal,811450,marine engine seaport Vlissingen Netherlands 813 pm 170515_1153,264.704,klankbeeld,https://creativecommons.org/licenses/by/4.0/,https://freesound.org/people/klankbeeld/sounds/811450/,waterside_coastal/811450_marine_engine_seaport_Vlissingen_Netherlands_813_pm_170515_1153.flac,harbor ambience
waterside_coastal,Waterside/coastal,449021,Waves on quay #1,114.436,arnaud coutancier,http://creativecommons.org/licenses/by-nc/3.0/,https://freesound.org/people/arnaud%20coutancier/sounds/449021/,waterside_coastal/449021_Waves_on_quay_1.wav,harbor ambience
waterside_coastal,Waterside/coastal,406331,wayside at harbor,315.605,Slowmote,http://creativecommons.org/publicdomain/zero/1.0/,https://freesound.org/people/Slowmote/sounds/406331/,waterside_coastal/406331_wayside_at_harbor.wav,harbor ambience
waterside_coastal,Waterside/coastal,770752,harbor breakwater Moerdijk 1110 AM 240729_0853,194.791,klankbeeld,https://creativecommons.org/licenses/by/4.0/,https://freesound.org/people/klankbeeld/sounds/770752/,waterside_coastal/770752_harbor_breakwater_Moerdijk_1110_AM_240729_0853.ogg,harbor ambience
waterside_coastal,Waterside/coastal,587290,river marina 1.32PM 210906_0314.wav,71.9589,klankbeeld,https://creativecommons.org/licenses/by/4.0/,https://freesound.org/people/klankbeeld/sounds/587290/,waterside_coastal/587290_river_marina_1.32PM_210906_0314.wav.wav,harbor ambience
waterside_coastal,Waterside/coastal,684345,breakwater waves river 1147 220802_0472,156.779,klankbeeld,https://creativecommons.org/licenses/by/4.0/,https://freesound.org/people/klankbeeld/sounds/684345/,waterside_coastal/684345_breakwater_waves_river_1147_220802_0472.wav,harbor ambience
